record_id,zone_id,date,deliveries_count,cost_per_delivery,battery_used_pct
1,1,2025-05-01,12,49.81,40.9
2,1,2025-05-02,10,52.89,40.6
3,1,2025-05-03,9,,44.6
4,1,2025-05-04,9,49.95,39.6
5,1,2025-05-05,7,49.05,33.8
6,1,2025-05-06,11,46.63,37.4
7,1,2025-05-07,13,45.6,35.9
8,1,2025-05-08,7,47.64,41.8
9,1,2025-05-09,8,46.69,41.9
10,1,2025-05-10,10,49.45,39.1
11,1,2025-05-11,10,46.51,48.9
12,1,2025-05-12,8,45.15,44.8
13,1,2025-05-13,8,48.95,33.7
14,1,2025-05-14,11,48.91,44.5
15,1,2025-05-15,7,47.97,40.3
16,1,2025-05-16,12,46.16,39.7
17,1,2025-05-17,11,49.35,34.4
18,1,2025-05-18,11,47.16,38.8
19,1,2025-05-19,9,51.41,45.2
20,1,2025-05-20,12,47.39,42.8
21,1,2025-05-21,8,46.88,40.8
22,1,2025-05-22,13,44.73,44.8
23,1,2025-05-23,11,48.1,45.5
24,1,2025-05-24,13,46.38,42.9
25,1,2025-05-25,5,48.21,47.8
26,1,2025-05-26,10,50.79,41.8
27,1,2025-05-27,10,48.6,33.5
28,1,2025-05-28,9,49.39,47.4
29,1,2025-05-29,12,45.89,39.5
30,1,2025-05-30,11,49.31,39.4
31,1,2025-05-31,9,48.61,45.4
32,1,2025-06-01,7,47.34,39.9
33,1,2025-06-02,10,49.21,42.5
34,1,2025-06-03,9,47.62,35.8
35,1,2025-06-04,10,47.29,38.3
36,1,2025-06-05,11,49.53,49.0
37,1,2025-06-06,6,49.09,41.2
38,1,2025-06-07,15,48.24,41.7
39,1,2025-06-08,10,47.74,42.7
40,1,2025-06-09,12,44.81,46.1
41,1,2025-06-10,13,50.69,37.9
42,1,2025-06-11,15,44.11,43.8
43,1,2025-06-12,10,45.35,39.2
44,1,2025-06-13,10,46.81,35.3
45,1,2025-06-14,8,45.13,43.4
46,1,2025-06-15,10,52.97,38.4
47,1,2025-06-16,11,50.76,36.6
48,1,2025-06-17,11,52.24,35.1
49,1,2025-06-18,8,49.1,44.6
50,1,2025-06-19,11,44.36,43.6
51,1,2025-06-20,9,49.07,42.9
52,1,2025-06-21,9,49.02,42.7
53,1,2025-06-22,8,53.92,43.4
54,1,2025-06-23,12,50.29,37.6
55,1,2025-06-24,12,51.8,38.2
56,1,2025-06-25,14,49.56,44.8
57,1,2025-06-26,8,47.58,38.5
58,1,2025-06-27,11,45.87,41.2
59,1,2025-06-28,10,49.15,44.8
60,1,2025-06-29,16,52.68,40.4
61,1,2025-06-30,8,50.2,38.1
62,1,2025-07-01,12,49.77,40.6
63,1,2025-07-02,9,49.74,41.2
64,1,2025-07-03,12,43.78,39.7
65,1,2025-07-04,11,48.96,36.5
66,1,2025-07-05,11,49.48,38.0
67,1,2025-07-06,11,48.49,36.9
68,1,2025-07-07,12,,45.8
69,1,2025-07-08,11,44.19,37.7
70,1,2025-07-09,18,49.86,43.6
71,1,2025-07-10,12,50.03,46.0
72,1,2025-07-11,12,50.27,40.2
73,1,2025-07-12,9,46.0,40.6
74,1,2025-07-13,7,48.57,50.8
75,1,2025-07-14,9,50.38,35.0
76,1,2025-07-15,8,51.59,41.8
77,1,2025-07-16,9,46.17,44.2
78,1,2025-07-17,9,48.97,41.7
79,1,2025-07-18,6,54.75,44.0
80,1,2025-07-19,12,48.88,38.9
81,1,2025-07-20,11,45.94,41.0
82,1,2025-07-21,10,50.92,36.7
83,1,2025-07-22,14,46.9,38.9
84,1,2025-07-23,12,49.53,36.5
85,1,2025-07-24,7,54.69,45.6
86,1,2025-07-25,9,46.87,46.6
87,1,2025-07-26,8,49.65,44.6
88,1,2025-07-27,8,48.14,28.5
89,1,2025-07-28,14,47.56,36.5
90,1,2025-07-29,11,44.03,39.7
91,2,2025-05-01,7,81.9,69.0
92,2,2025-05-02,6,77.61,70.8
93,2,2025-05-03,5,78.18,72.3
94,2,2025-05-04,6,76.42,75.2
95,2,2025-05-05,9,82.34,69.8
96,2,2025-05-06,6,71.72,74.1
97,2,2025-05-07,5,78.42,72.3
98,2,2025-05-08,7,76.1,72.4
99,2,2025-05-09,7,78.65,72.0
100,2,2025-05-10,6,78.5,78.0
101,2,2025-05-11,6,75.09,72.5
102,2,2025-05-12,5,79.41,74.7
103,2,2025-05-13,6,81.41,72.4
104,2,2025-05-14,7,76.97,73.9
105,2,2025-05-15,8,80.06,78.0
106,2,2025-05-16,4,77.64,77.5
107,2,2025-05-17,5,78.55,74.2
108,2,2025-05-18,9,79.37,71.5
109,2,2025-05-19,7,74.56,69.9
110,2,2025-05-20,6,79.95,77.2
111,2,2025-05-21,5,77.54,71.2
112,2,2025-05-22,5,75.55,78.7
113,2,2025-05-23,6,75.1,73.5
114,2,2025-05-24,5,75.89,71.5
115,2,2025-05-25,4,78.31,72.7
116,2,2025-05-26,2,78.28,69.0
117,2,2025-05-27,6,75.42,73.9
118,2,2025-05-28,5,82.01,78.2
119,2,2025-05-29,5,77.52,70.7
120,2,2025-05-30,3,76.71,76.0
121,2,2025-05-31,5,79.14,80.9
122,2,2025-06-01,4,78.79,77.5
123,2,2025-06-02,5,78.25,74.8
124,2,2025-06-03,6,75.26,74.8
125,2,2025-06-04,9,81.93,78.6
126,2,2025-06-05,5,75.28,78.2
127,2,2025-06-06,3,84.15,71.5
128,2,2025-06-07,4,75.78,66.3
129,2,2025-06-08,6,75.3,75.4
130,2,2025-06-09,4,83.21,78.6
131,2,2025-06-10,2,74.88,76.7
132,2,2025-06-11,4,83.07,79.5
133,2,2025-06-12,5,72.44,80.2
134,2,2025-06-13,4,81.29,68.4
135,2,2025-06-14,4,77.6,74.9
136,2,2025-06-15,5,79.45,70.5
137,2,2025-06-16,6,77.94,76.8
138,2,2025-06-17,7,74.21,68.6
139,2,2025-06-18,8,78.58,71.8
140,2,2025-06-19,5,77.93,79.5
141,2,2025-06-20,4,83.76,81.8
142,2,2025-06-21,8,80.49,77.3
143,2,2025-06-22,7,74.69,77.5
144,2,2025-06-23,1,72.3,70.0
145,2,2025-06-24,8,76.77,77.6
146,2,2025-06-25,2,77.8,81.3
147,2,2025-06-26,6,72.47,74.5
148,2,2025-06-27,5,77.48,66.5
149,2,2025-06-28,6,73.67,77.4
150,2,2025-06-29,3,74.76,72.7
151,2,2025-06-30,3,77.39,78.6
152,2,2025-07-01,3,79.09,72.6
153,2,2025-07-02,4,77.26,70.6
154,2,2025-07-03,5,73.99,82.6
155,2,2025-07-04,5,75.48,75.6
156,2,2025-07-05,6,76.92,77.2
157,2,2025-07-06,4,75.99,72.4
158,2,2025-07-07,8,70.67,68.7
159,2,2025-07-08,6,82.51,73.8
160,2,2025-07-09,7,78.51,87.1
161,2,2025-07-10,2,77.2,70.9
162,2,2025-07-11,2,78.19,71.7
163,2,2025-07-12,8,75.64,70.4
164,2,2025-07-13,8,80.22,74.7
165,2,2025-07-14,8,77.81,71.3
166,2,2025-07-15,5,79.2,70.6
167,2,2025-07-16,7,74.95,69.2
168,2,2025-07-17,6,83.31,69.2
169,2,2025-07-18,4,75.63,72.8
170,2,2025-07-19,3,74.99,74.9
171,2,2025-07-20,4,78.39,74.5
172,2,2025-07-21,6,74.86,72.4
173,2,2025-07-22,5,79.08,70.8
174,2,2025-07-23,6,79.83,68.1
175,2,2025-07-24,3,75.59,77.0
176,2,2025-07-25,5,72.17,68.2
177,2,2025-07-26,6,78.36,71.1
178,2,2025-07-27,3,72.6,74.5
179,2,2025-07-28,3,75.62,74.9
180,2,2025-07-29,4,76.43,78.8
181,3,2025-05-01,8,68.87,57.5
182,3,2025-05-02,5,70.68,52.1
183,3,2025-05-03,8,68.09,61.2
184,3,2025-05-04,7,64.55,62.3
185,3,2025-05-05,8,69.86,63.0
186,3,2025-05-06,6,65.12,60.0
187,3,2025-05-07,8,67.54,60.3
188,3,2025-05-08,6,72.59,65.5
189,3,2025-05-09,3,69.96,60.4
190,3,2025-05-10,6,63.34,54.5
191,3,2025-05-11,8,66.42,68.7
192,3,2025-05-12,3,65.7,65.3
193,3,2025-05-13,4,67.07,65.1
194,3,2025-05-14,6,69.79,63.4
195,3,2025-05-15,7,68.26,71.1
196,3,2025-05-16,5,67.1,60.2
197,3,2025-05-17,7,68.85,58.6
198,3,2025-05-18,8,64.93,63.9
199,3,2025-05-19,6,69.47,60.0
200,3,2025-05-20,8,63.42,60.2
201,3,2025-05-21,9,68.63,58.3
202,3,2025-05-22,11,70.43,63.7
203,3,2025-05-23,3,64.04,57.0
204,3,2025-05-24,7,70.85,64.6
205,3,2025-05-25,12,67.2,57.5
206,3,2025-05-26,8,66.75,62.4
207,3,2025-05-27,5,67.8,62.9
208,3,2025-05-28,10,67.77,69.5
209,3,2025-05-29,5,71.14,60.0
210,3,2025-05-30,9,65.98,62.2
211,3,2025-05-31,7,61.28,68.1
212,3,2025-06-01,4,65.08,58.0
213,3,2025-06-02,4,68.83,62.3
214,3,2025-06-03,10,62.47,60.7
215,3,2025-06-04,6,65.58,56.0
216,3,2025-06-05,7,65.54,51.2
217,3,2025-06-06,11,65.67,64.8
218,3,2025-06-07,5,69.74,60.9
219,3,2025-06-08,7,74.08,62.2
220,3,2025-06-09,7,66.29,62.8
221,3,2025-06-10,7,-64.64,59.8
222,3,2025-06-11,7,64.73,59.1
223,3,2025-06-12,2,65.6,68.0
224,3,2025-06-13,3,69.63,67.0
225,3,2025-06-14,4,65.33,60.5
226,3,2025-06-15,10,64.03,57.6
227,3,2025-06-16,8,69.17,67.1
228,3,2025-06-17,8,62.97,59.9
229,3,2025-06-18,6,62.69,64.9
230,3,2025-06-19,8,65.24,64.8
231,3,2025-06-20,5,65.28,66.6
232,3,2025-06-21,6,68.21,64.4
233,3,2025-06-22,9,,57.0
234,3,2025-06-23,9,65.81,59.9
235,3,2025-06-24,4,64.25,56.4
236,3,2025-06-25,10,68.18,56.9
237,3,2025-06-26,7,60.11,68.8
238,3,2025-06-27,8,66.07,59.8
239,3,2025-06-28,7,66.25,66.4
240,3,2025-06-29,7,66.81,60.5
241,3,2025-06-30,4,67.28,55.2
242,3,2025-07-01,7,68.59,62.7
243,3,2025-07-02,6,66.42,63.4
244,3,2025-07-03,5,64.03,62.8
245,3,2025-07-04,9,67.58,55.2
246,3,2025-07-05,9,67.78,63.0
247,3,2025-07-06,3,71.36,66.1
248,3,2025-07-07,7,62.52,59.5
249,3,2025-07-08,7,67.91,59.1
250,3,2025-07-09,4,64.09,59.6
251,3,2025-07-10,5,63.59,56.6
252,3,2025-07-11,12,69.52,58.2
253,3,2025-07-12,5,67.84,62.7
254,3,2025-07-13,7,68.46,59.7
255,3,2025-07-14,9,74.04,61.6
256,3,2025-07-15,11,64.25,61.9
257,3,2025-07-16,8,64.48,69.2
258,3,2025-07-17,9,64.67,64.5
259,3,2025-07-18,6,68.23,55.7
260,3,2025-07-19,8,65.62,61.7
261,3,2025-07-20,8,66.89,56.7
262,3,2025-07-21,9,68.19,64.2
263,3,2025-07-22,7,,63.8
264,3,2025-07-23,7,61.38,63.7
265,3,2025-07-24,5,67.17,56.9
266,3,2025-07-25,8,69.52,61.8
267,3,2025-07-26,9,66.44,62.1
268,3,2025-07-27,6,64.81,62.4
269,3,2025-07-28,7,65.06,60.8
270,3,2025-07-29,5,64.92,67.0
271,4,2025-05-01,11,59.2,52.7
272,4,2025-05-02,5,60.35,58.6
273,4,2025-05-03,8,60.56,58.1
274,4,2025-05-04,11,62.96,52.4
275,4,2025-05-05,7,66.66,53.0
276,4,2025-05-06,7,64.12,60.8
277,4,2025-05-07,5,58.5,53.4
278,4,2025-05-08,7,57.0,50.5
279,4,2025-05-09,11,59.66,55.4
280,4,2025-05-10,8,56.76,58.4
281,4,2025-05-11,6,59.61,57.2
282,4,2025-05-12,9,60.91,55.2
283,4,2025-05-13,7,60.63,64.3
284,4,2025-05-14,7,58.17,52.0
285,4,2025-05-15,11,57.85,59.3
286,4,2025-05-16,9,58.05,51.2
287,4,2025-05-17,9,58.1,57.0
288,4,2025-05-18,12,55.21,60.7
289,4,2025-05-19,9,57.92,52.9
290,4,2025-05-20,12,60.76,57.1
291,4,2025-05-21,5,59.23,51.3
292,4,2025-05-22,12,57.57,54.4
293,4,2025-05-23,8,58.21,55.4
294,4,2025-05-24,7,,64.6
295,4,2025-05-25,10,58.29,58.7
296,4,2025-05-26,7,65.3,56.8
297,4,2025-05-27,10,61.53,58.9
298,4,2025-05-28,11,61.28,58.8
299,4,2025-05-29,8,63.91,57.1
300,4,2025-05-30,7,60.2,59.3
301,4,2025-05-31,8,60.87,52.9
302,4,2025-06-01,8,63.6,55.3
303,4,2025-06-02,9,55.68,57.5
304,4,2025-06-03,9,66.25,53.3
305,4,2025-06-04,8,60.51,60.8
306,4,2025-06-05,9,60.6,56.9
307,4,2025-06-06,10,58.42,55.3
308,4,2025-06-07,7,56.68,55.0
309,4,2025-06-08,7,63.35,48.4
310,4,2025-06-09,8,60.89,60.8
311,4,2025-06-10,5,58.09,62.0
312,4,2025-06-11,7,53.16,56.3
313,4,2025-06-12,9,56.7,57.3
314,4,2025-06-13,10,58.07,49.4
315,4,2025-06-14,12,61.71,54.1
316,4,2025-06-15,7,56.55,48.4
317,4,2025-06-16,8,59.62,55.5
318,4,2025-06-17,11,60.82,49.5
319,4,2025-06-18,9,,59.0
320,4,2025-06-19,9,61.13,56.8
321,4,2025-06-20,9,61.69,59.8
322,4,2025-06-21,11,61.89,54.1
323,4,2025-06-22,8,57.73,61.7
324,4,2025-06-23,7,55.47,55.0
325,4,2025-06-24,7,62.28,51.9
326,4,2025-06-25,3,54.09,52.7
327,4,2025-06-26,10,55.01,57.5
328,4,2025-06-27,8,61.04,50.6
329,4,2025-06-28,11,59.75,49.9
330,4,2025-06-29,8,62.39,53.6
331,4,2025-06-30,8,60.39,46.3
332,4,2025-07-01,8,57.71,50.5
333,4,2025-07-02,7,65.15,57.1
334,4,2025-07-03,10,61.48,60.1
335,4,2025-07-04,10,59.94,51.9
336,4,2025-07-05,9,60.94,58.1
337,4,2025-07-06,11,62.91,52.4
338,4,2025-07-07,7,60.35,62.8
339,4,2025-07-08,7,64.97,55.3
340,4,2025-07-09,9,58.31,53.2
341,4,2025-07-10,8,61.33,52.2
342,4,2025-07-11,9,66.19,61.4
343,4,2025-07-12,9,59.87,55.0
344,4,2025-07-13,5,56.69,53.5
345,4,2025-07-14,7,60.96,57.1
346,4,2025-07-15,5,64.48,49.6
347,4,2025-07-16,12,60.43,58.7
348,4,2025-07-17,8,58.38,58.8
349,4,2025-07-18,9,59.24,58.0
350,4,2025-07-19,11,55.03,60.4
351,4,2025-07-20,9,57.88,56.1
352,4,2025-07-21,7,60.54,52.3
353,4,2025-07-22,9,59.68,59.2
354,4,2025-07-23,2,58.65,57.6
355,4,2025-07-24,7,63.21,130.70444873123694
356,4,2025-07-25,11,56.4,49.3
357,4,2025-07-26,8,58.36,55.9
358,4,2025-07-27,6,61.19,54.8
359,4,2025-07-28,5,62.75,52.5
360,4,2025-07-29,10,58.48,60.5
361,5,2025-05-01,12,36.27,27.6
362,5,2025-05-02,13,43.55,30.5
363,5,2025-05-03,12,40.41,30.0
364,5,2025-05-04,12,36.73,28.7
365,5,2025-05-05,14,39.5,29.2
366,5,2025-05-06,8,37.08,29.3
367,5,2025-05-07,14,40.07,30.4
368,5,2025-05-08,12,28.63,37.4
369,5,2025-05-09,13,40.64,24.8
370,5,2025-05-10,16,34.16,26.5
371,5,2025-05-11,14,36.75,29.9
372,5,2025-05-12,13,38.81,29.6
373,5,2025-05-13,13,44.53,28.8
374,5,2025-05-14,15,40.47,33.4
375,5,2025-05-15,16,39.24,24.4
376,5,2025-05-16,11,33.88,30.2
377,5,2025-05-17,13,37.13,30.3
378,5,2025-05-18,13,38.59,35.5
379,5,2025-05-19,15,,32.9
380,5,2025-05-20,14,33.64,31.4
381,5,2025-05-21,12,36.43,34.5
382,5,2025-05-22,12,37.7,28.3
383,5,2025-05-23,15,34.03,23.2
384,5,2025-05-24,8,34.78,25.0
385,5,2025-05-25,16,35.4,23.7
386,5,2025-05-26,17,40.35,26.2
387,5,2025-05-27,7,40.27,27.7
388,5,2025-05-28,9,44.19,23.4
389,5,2025-05-29,15,40.39,38.8
390,5,2025-05-30,14,39.01,31.4
391,5,2025-05-31,12,39.6,30.1
392,5,2025-06-01,12,37.13,26.0
393,5,2025-06-02,10,32.24,28.6
394,5,2025-06-03,15,34.01,29.7
395,5,2025-06-04,10,40.07,22.7
396,5,2025-06-05,12,40.14,25.1
397,5,2025-06-06,12,38.97,25.1
398,5,2025-06-07,13,33.32,26.6
399,5,2025-06-08,12,32.54,30.8
400,5,2025-06-09,15,38.98,29.9
401,5,2025-06-10,13,37.7,27.3
402,5,2025-06-11,12,38.95,29.2
403,5,2025-06-12,9,35.21,26.3
404,5,2025-06-13,11,42.57,24.0
405,5,2025-06-14,12,35.16,32.6
406,5,2025-06-15,13,41.06,26.3
407,5,2025-06-16,10,34.81,37.6
408,5,2025-06-17,13,38.25,31.5
409,5,2025-06-18,12,36.76,28.5
410,5,2025-06-19,17,36.88,32.9
411,5,2025-06-20,12,,23.5
412,5,2025-06-21,16,45.06,25.8
413,5,2025-06-22,13,42.35,26.8
414,5,2025-06-23,12,42.21,27.5
415,5,2025-06-24,11,35.57,24.9
416,5,2025-06-25,11,33.65,29.1
417,5,2025-06-26,13,38.02,22.8
418,5,2025-06-27,13,39.82,21.0
419,5,2025-06-28,16,41.0,24.2
420,5,2025-06-29,12,38.58,26.2
421,5,2025-06-30,13,38.99,29.3
422,5,2025-07-01,9,34.56,29.7
423,5,2025-07-02,11,36.99,25.4
424,5,2025-07-03,13,41.03,33.4
425,5,2025-07-04,15,34.04,27.7
426,5,2025-07-05,13,37.75,38.3
427,5,2025-07-06,13,37.9,27.8
428,5,2025-07-07,14,36.86,31.8
429,5,2025-07-08,9,34.96,23.7
430,5,2025-07-09,8,38.84,24.6
431,5,2025-07-10,12,38.49,39.0
432,5,2025-07-11,12,39.84,29.3
433,5,2025-07-12,13,40.08,27.8
434,5,2025-07-13,14,38.29,26.3
435,5,2025-07-14,13,36.8,26.0
436,5,2025-07-15,12,34.62,29.1
437,5,2025-07-16,12,40.58,30.9
438,5,2025-07-17,13,39.77,34.6
439,5,2025-07-18,10,37.35,23.8
440,5,2025-07-19,12,36.4,26.6
441,5,2025-07-20,12,37.49,31.1
442,5,2025-07-21,8,38.78,29.3
443,5,2025-07-22,10,-34.5,28.4
444,5,2025-07-23,15,39.12,35.1
445,5,2025-07-24,13,36.68,35.0
446,5,2025-07-25,12,36.31,26.5
447,5,2025-07-26,13,36.16,29.7
448,5,2025-07-27,15,37.33,30.7
449,5,2025-07-28,7,40.17,23.1
450,5,2025-07-29,12,40.12,23.5
451,6,2025-05-01,13,33.81,21.8
452,6,2025-05-02,7,39.6,26.7
453,6,2025-05-03,9,35.68,30.6
454,6,2025-05-04,13,37.87,28.9
455,6,2025-05-05,15,37.68,25.1
456,6,2025-05-06,10,36.84,28.9
457,6,2025-05-07,12,35.99,25.5
458,6,2025-05-08,9,42.46,23.5
459,6,2025-05-09,11,41.73,28.2
460,6,2025-05-10,16,40.44,26.6
461,6,2025-05-11,17,39.35,27.0
462,6,2025-05-12,13,35.5,32.0
463,6,2025-05-13,12,41.23,35.2
464,6,2025-05-14,11,35.06,30.8
465,6,2025-05-15,12,43.36,29.5
466,6,2025-05-16,10,37.87,23.6
467,6,2025-05-17,10,40.92,26.4
468,6,2025-05-18,14,38.93,33.7
469,6,2025-05-19,9,40.31,26.0
470,6,2025-05-20,12,41.82,27.7
471,6,2025-05-21,13,41.3,31.2
472,6,2025-05-22,14,43.82,26.4
473,6,2025-05-23,15,37.49,30.1
474,6,2025-05-24,14,38.84,31.2
475,6,2025-05-25,10,36.23,25.6
476,6,2025-05-26,10,31.42,37.2
477,6,2025-05-27,13,36.66,27.9
478,6,2025-05-28,11,39.77,32.4
479,6,2025-05-29,12,36.82,30.1
480,6,2025-05-30,14,42.14,31.0
481,6,2025-05-31,13,39.31,33.7
482,6,2025-06-01,11,33.43,30.6
483,6,2025-06-02,15,35.73,31.3
484,6,2025-06-03,16,37.38,30.2
485,6,2025-06-04,13,38.04,39.4
486,6,2025-06-05,13,32.04,32.0
487,6,2025-06-06,12,41.19,31.7
488,6,2025-06-07,11,33.65,28.2
489,6,2025-06-08,16,35.58,31.4
490,6,2025-06-09,13,38.5,24.2
491,6,2025-06-10,12,40.91,26.6
492,6,2025-06-11,14,37.36,25.9
493,6,2025-06-12,10,36.96,30.7
494,6,2025-06-13,12,36.01,31.9
495,6,2025-06-14,13,42.5,27.4
496,6,2025-06-15,9,40.12,23.3
497,6,2025-06-16,11,32.74,34.1
498,6,2025-06-17,13,44.99,26.7
499,6,2025-06-18,16,41.95,37.0
500,6,2025-06-19,13,40.95,33.1
501,6,2025-06-20,11,39.66,26.8
502,6,2025-06-21,11,37.31,28.3
503,6,2025-06-22,12,39.41,32.8
504,6,2025-06-23,12,41.75,24.4
505,6,2025-06-24,12,35.17,21.5
506,6,2025-06-25,14,36.95,35.1
507,6,2025-06-26,15,34.25,36.4
508,6,2025-06-27,10,39.07,28.1
509,6,2025-06-28,16,36.2,33.4
510,6,2025-06-29,10,41.95,27.0
511,6,2025-06-30,13,37.74,21.9
512,6,2025-07-01,9,36.88,27.1
513,6,2025-07-02,10,38.86,26.9
514,6,2025-07-03,16,28.7,28.9
515,6,2025-07-04,11,42.3,27.2
516,6,2025-07-05,13,38.73,25.0
517,6,2025-07-06,12,39.62,33.9
518,6,2025-07-07,11,36.71,25.5
519,6,2025-07-08,14,36.64,30.5
520,6,2025-07-09,12,34.91,35.0
521,6,2025-07-10,7,37.26,26.0
522,6,2025-07-11,12,39.97,31.9
523,6,2025-07-12,9,37.52,31.1
524,6,2025-07-13,10,35.73,32.2
525,6,2025-07-14,13,38.2,23.6
526,6,2025-07-15,15,37.21,22.5
527,6,2025-07-16,13,35.12,25.8
528,6,2025-07-17,12,40.77,24.9
529,6,2025-07-18,13,38.61,31.8
530,6,2025-07-19,12,36.22,25.7
531,6,2025-07-20,13,34.1,17.3
532,6,2025-07-21,10,40.03,19.5
533,6,2025-07-22,12,39.18,37.2
534,6,2025-07-23,15,35.14,28.3
535,6,2025-07-24,11,35.38,25.8
536,6,2025-07-25,16,34.46,29.5
537,6,2025-07-26,12,38.29,28.0
538,6,2025-07-27,12,32.63,32.5
539,6,2025-07-28,13,36.78,41.8
540,6,2025-07-29,15,35.06,27.3
541,7,2025-05-01,15,-32.6,17.5
542,7,2025-05-02,15,30.26,30.7
543,7,2025-05-03,13,30.92,28.4
544,7,2025-05-04,11,34.82,25.2
545,7,2025-05-05,13,30.33,27.4
546,7,2025-05-06,14,31.05,19.4
547,7,2025-05-07,13,38.45,19.0
548,7,2025-05-08,14,36.5,22.9
549,7,2025-05-09,13,29.07,25.0
550,7,2025-05-10,18,35.22,28.0
551,7,2025-05-11,14,34.0,24.6
552,7,2025-05-12,13,31.2,24.6
553,7,2025-05-13,11,32.77,28.5
554,7,2025-05-14,13,35.68,28.5
555,7,2025-05-15,16,25.89,20.8
556,7,2025-05-16,12,32.19,19.3
557,7,2025-05-17,13,34.78,25.4
558,7,2025-05-18,11,31.16,21.7
559,7,2025-05-19,16,37.11,22.0
560,7,2025-05-20,12,36.82,27.2
561,7,2025-05-21,11,33.47,23.2
562,7,2025-05-22,16,33.23,18.5
563,7,2025-05-23,14,30.87,24.1
564,7,2025-05-24,12,31.48,25.6
565,7,2025-05-25,13,34.87,17.9
566,7,2025-05-26,12,38.08,19.2
567,7,2025-05-27,14,33.8,24.0
568,7,2025-05-28,15,33.73,25.8
569,7,2025-05-29,15,33.49,22.3
570,7,2025-05-30,11,37.96,22.7
571,7,2025-05-31,9,35.58,22.8
572,7,2025-06-01,13,34.8,21.1
573,7,2025-06-02,15,33.26,24.0
574,7,2025-06-03,13,30.95,25.3
575,7,2025-06-04,11,34.48,25.7
576,7,2025-06-05,15,35.52,21.1
577,7,2025-06-06,13,33.36,30.6
578,7,2025-06-07,13,31.21,23.2
579,7,2025-06-08,11,34.66,16.8
580,7,2025-06-09,17,29.06,27.1
581,7,2025-06-10,13,31.95,22.6
582,7,2025-06-11,14,35.75,19.5
583,7,2025-06-12,14,,25.3
584,7,2025-06-13,15,35.26,12.4
585,7,2025-06-14,14,30.3,15.9
586,7,2025-06-15,15,36.38,22.7
587,7,2025-06-16,16,37.1,28.5
588,7,2025-06-17,10,34.49,23.6
589,7,2025-06-18,18,31.52,19.9
590,7,2025-06-19,14,31.73,23.7
591,7,2025-06-20,12,32.39,30.0
592,7,2025-06-21,11,32.84,20.3
593,7,2025-06-22,12,30.42,23.1
594,7,2025-06-23,13,30.18,17.6
595,7,2025-06-24,13,27.75,26.3
596,7,2025-06-25,12,27.89,22.0
597,7,2025-06-26,9,33.22,28.6
598,7,2025-06-27,15,32.61,22.6
599,7,2025-06-28,13,32.9,20.2
600,7,2025-06-29,13,29.87,27.6
601,7,2025-06-30,12,37.96,23.0
602,7,2025-07-01,10,27.72,16.0
603,7,2025-07-02,10,33.06,25.3
604,7,2025-07-03,13,34.95,21.3
605,7,2025-07-04,13,37.1,26.8
606,7,2025-07-05,12,29.59,14.6
607,7,2025-07-06,13,31.63,19.3
608,7,2025-07-07,12,32.49,22.4
609,7,2025-07-08,11,32.77,25.0
610,7,2025-07-09,13,36.49,22.9
611,7,2025-07-10,15,34.38,24.2
612,7,2025-07-11,14,33.12,20.8
613,7,2025-07-12,13,28.83,23.7
614,7,2025-07-13,9,31.64,22.7
615,7,2025-07-14,13,30.61,23.6
616,7,2025-07-15,11,29.18,28.3
617,7,2025-07-16,12,35.17,25.0
618,7,2025-07-17,15,37.59,18.5
619,7,2025-07-18,16,35.26,20.6
620,7,2025-07-19,14,31.51,24.4
621,7,2025-07-20,15,31.86,26.5
622,7,2025-07-21,10,27.01,28.5
623,7,2025-07-22,11,35.36,27.8
624,7,2025-07-23,13,31.03,18.8
625,7,2025-07-24,16,31.34,26.4
626,7,2025-07-25,13,36.45,21.0
627,7,2025-07-26,15,27.21,20.0
628,7,2025-07-27,12,37.11,18.3
629,7,2025-07-28,12,32.18,24.4
630,7,2025-07-29,13,33.53,21.4
631,8,2025-05-01,5,74.82,69.8
632,8,2025-05-02,5,72.85,69.4
633,8,2025-05-03,7,72.4,76.1
634,8,2025-05-04,5,72.29,72.5
635,8,2025-05-05,6,76.7,71.2
636,8,2025-05-06,3,74.52,63.5
637,8,2025-05-07,9,69.6,70.3
638,8,2025-05-08,7,79.87,72.3
639,8,2025-05-09,4,67.78,67.6
640,8,2025-05-10,5,71.32,69.1
641,8,2025-05-11,4,67.24,72.7
642,8,2025-05-12,4,73.9,78.0
643,8,2025-05-13,8,65.59,68.6
644,8,2025-05-14,7,79.06,64.8
645,8,2025-05-15,11,71.78,69.3
646,8,2025-05-16,7,68.67,70.8
647,8,2025-05-17,6,76.44,70.1
648,8,2025-05-18,5,72.01,70.8
649,8,2025-05-19,6,75.04,68.3
650,8,2025-05-20,6,73.09,74.3
651,8,2025-05-21,4,67.86,74.8
652,8,2025-05-22,8,71.22,67.4
653,8,2025-05-23,8,66.77,82.3
654,8,2025-05-24,6,73.85,69.5
655,8,2025-05-25,7,74.74,72.3
656,8,2025-05-26,5,73.45,69.0
657,8,2025-05-27,7,72.6,74.3
658,8,2025-05-28,6,64.36,72.4
659,8,2025-05-29,8,73.12,68.2
660,8,2025-05-30,7,76.02,66.7
661,8,2025-05-31,4,70.27,64.2
662,8,2025-06-01,7,75.77,73.6
663,8,2025-06-02,4,75.36,71.8
664,8,2025-06-03,7,74.48,73.0
665,8,2025-06-04,6,76.75,72.6
666,8,2025-06-05,4,76.39,69.6
667,8,2025-06-06,4,72.69,66.8
668,8,2025-06-07,5,72.75,66.6
669,8,2025-06-08,6,67.5,70.6
670,8,2025-06-09,8,70.73,72.4
671,8,2025-06-10,4,68.36,66.7
672,8,2025-06-11,5,70.36,73.1
673,8,2025-06-12,7,72.39,61.7
674,8,2025-06-13,6,69.46,70.0
675,8,2025-06-14,1,,64.5
676,8,2025-06-15,8,73.73,77.0
677,8,2025-06-16,7,73.81,67.8
678,8,2025-06-17,7,70.26,71.7
679,8,2025-06-18,7,76.36,80.8
680,8,2025-06-19,2,71.65,69.6
681,8,2025-06-20,5,71.1,68.1
682,8,2025-06-21,8,73.64,66.5
683,8,2025-06-22,5,73.18,69.7
684,8,2025-06-23,4,73.65,73.1
685,8,2025-06-24,3,71.21,68.5
686,8,2025-06-25,7,70.72,67.8
687,8,2025-06-26,7,73.97,70.5
688,8,2025-06-27,6,72.77,71.3
689,8,2025-06-28,1,73.98,67.4
690,8,2025-06-29,8,,75.4
691,8,2025-06-30,6,76.08,74.7
692,8,2025-07-01,5,73.77,67.3
693,8,2025-07-02,5,75.03,74.6
694,8,2025-07-03,7,71.83,69.8
695,8,2025-07-04,5,68.85,60.6
696,8,2025-07-05,5,69.52,67.7
697,8,2025-07-06,6,71.82,75.6
698,8,2025-07-07,3,74.08,72.2
699,8,2025-07-08,7,76.3,69.4
700,8,2025-07-09,7,,63.5
701,8,2025-07-10,4,74.31,66.1
702,8,2025-07-11,9,76.56,65.0
703,8,2025-07-12,5,70.48,72.3
704,8,2025-07-13,5,74.99,67.6
705,8,2025-07-14,7,73.3,65.7
706,8,2025-07-15,4,71.64,68.8
707,8,2025-07-16,11,65.49,69.0
708,8,2025-07-17,5,75.53,69.7
709,8,2025-07-18,3,73.25,71.9
710,8,2025-07-19,7,76.52,72.6
711,8,2025-07-20,7,74.5,69.8
712,8,2025-07-21,5,74.96,68.3
713,8,2025-07-22,3,73.49,75.9
714,8,2025-07-23,6,68.78,70.4
715,8,2025-07-24,5,73.7,70.7
716,8,2025-07-25,4,77.65,63.3
717,8,2025-07-26,5,72.87,63.2
718,8,2025-07-27,6,,69.8
719,8,2025-07-28,5,69.4,67.3
720,8,2025-07-29,7,72.23,74.9
721,9,2025-05-01,9,56.43,55.5
722,9,2025-05-02,6,63.18,60.8
723,9,2025-05-03,8,57.33,49.5
724,9,2025-05-04,8,61.16,58.4
725,9,2025-05-05,7,58.8,55.1
726,9,2025-05-06,9,66.03,48.1
727,9,2025-05-07,8,65.83,54.5
728,9,2025-05-08,11,58.69,53.8
729,9,2025-05-09,5,53.12,60.6
730,9,2025-05-10,9,58.96,52.8
731,9,2025-05-11,12,54.97,56.3
732,9,2025-05-12,7,55.67,55.3
733,9,2025-05-13,7,61.04,54.6
734,9,2025-05-14,8,61.22,61.7
735,9,2025-05-15,6,61.92,49.3
736,9,2025-05-16,9,61.18,60.4
737,9,2025-05-17,6,58.82,54.5
738,9,2025-05-18,7,61.57,58.0
739,9,2025-05-19,7,,55.6
740,9,2025-05-20,8,59.56,62.9
741,9,2025-05-21,10,,51.9
742,9,2025-05-22,11,59.22,51.9
743,9,2025-05-23,4,64.02,52.1
744,9,2025-05-24,10,62.78,51.8
745,9,2025-05-25,6,53.85,58.1
746,9,2025-05-26,6,,54.6
747,9,2025-05-27,8,58.54,57.2
748,9,2025-05-28,5,61.51,62.4
749,9,2025-05-29,6,64.61,54.9
750,9,2025-05-30,10,55.77,53.7
751,9,2025-05-31,5,59.38,60.5
752,9,2025-06-01,9,59.72,49.5
753,9,2025-06-02,3,62.42,52.8
754,9,2025-06-03,9,60.36,56.2
755,9,2025-06-04,10,63.47,50.2
756,9,2025-06-05,9,63.34,47.4
757,9,2025-06-06,9,58.25,54.2
758,9,2025-06-07,8,58.3,51.8
759,9,2025-06-08,10,56.5,50.2
760,9,2025-06-09,9,56.31,57.2
761,9,2025-06-10,11,54.58,51.8
762,9,2025-06-11,9,56.82,52.6
763,9,2025-06-12,7,62.11,53.5
764,9,2025-06-13,10,64.03,61.5
765,9,2025-06-14,7,60.02,51.3
766,9,2025-06-15,11,61.33,56.2
767,9,2025-06-16,10,61.71,48.5
768,9,2025-06-17,9,56.77,53.0
769,9,2025-06-18,9,65.75,66.9
770,9,2025-06-19,10,59.21,56.6
771,9,2025-06-20,9,58.8,61.7
772,9,2025-06-21,9,61.25,57.2
773,9,2025-06-22,7,62.28,52.0
774,9,2025-06-23,10,56.46,56.3
775,9,2025-06-24,8,61.13,61.2
776,9,2025-06-25,7,61.77,50.1
777,9,2025-06-26,8,61.85,57.9
778,9,2025-06-27,7,,48.4
779,9,2025-06-28,9,62.43,56.8
780,9,2025-06-29,7,59.91,54.5
781,9,2025-06-30,9,61.86,56.2
782,9,2025-07-01,10,58.18,45.9
783,9,2025-07-02,10,58.32,51.0
784,9,2025-07-03,9,58.58,58.7
785,9,2025-07-04,11,61.81,49.0
786,9,2025-07-05,8,60.54,53.0
787,9,2025-07-06,6,54.43,56.1
788,9,2025-07-07,10,55.7,48.4
789,9,2025-07-08,7,57.87,60.6
790,9,2025-07-09,11,54.64,50.0
791,9,2025-07-10,9,59.29,52.3
792,9,2025-07-11,11,61.27,59.0
793,9,2025-07-12,7,58.68,49.2
794,9,2025-07-13,6,60.54,50.6
795,9,2025-07-14,8,60.79,54.3
796,9,2025-07-15,6,57.48,137.6544363092254
797,9,2025-07-16,4,62.43,58.6
798,9,2025-07-17,7,56.97,48.5
799,9,2025-07-18,6,59.51,48.7
800,9,2025-07-19,8,56.75,55.3
801,9,2025-07-20,7,57.59,55.2
802,9,2025-07-21,11,58.95,61.2
803,9,2025-07-22,10,55.86,57.8
804,9,2025-07-23,11,56.32,57.8
805,9,2025-07-24,10,56.39,50.8
806,9,2025-07-25,9,60.57,56.7
807,9,2025-07-26,10,60.93,49.2
808,9,2025-07-27,8,63.27,53.6
809,9,2025-07-28,9,55.17,56.6
810,9,2025-07-29,8,59.57,59.0
811,10,2025-05-01,7,66.95,56.7
812,10,2025-05-02,6,64.74,61.7
813,10,2025-05-03,6,64.87,64.1
814,10,2025-05-04,10,60.44,67.7
815,10,2025-05-05,6,61.38,63.5
816,10,2025-05-06,7,66.05,61.9
817,10,2025-05-07,5,62.91,58.0
818,10,2025-05-08,6,62.76,60.5
819,10,2025-05-09,6,67.31,66.7
820,10,2025-05-10,8,65.98,62.7
821,10,2025-05-11,8,65.49,63.7
822,10,2025-05-12,9,61.55,64.2
823,10,2025-05-13,9,62.97,60.9
824,10,2025-05-14,12,,65.0
825,10,2025-05-15,8,62.9,55.2
826,10,2025-05-16,10,67.42,59.8
827,10,2025-05-17,6,61.24,63.5
828,10,2025-05-18,6,70.42,68.7
829,10,2025-05-19,6,63.61,64.2
830,10,2025-05-20,3,65.12,60.9
831,10,2025-05-21,6,65.22,58.0
832,10,2025-05-22,9,69.59,55.7
833,10,2025-05-23,9,,59.6
834,10,2025-05-24,9,66.28,63.0
835,10,2025-05-25,5,64.27,58.3
836,10,2025-05-26,10,62.78,72.5
837,10,2025-05-27,8,61.21,55.5
838,10,2025-05-28,7,66.9,62.9
839,10,2025-05-29,7,64.88,62.1
840,10,2025-05-30,5,58.6,59.8
841,10,2025-05-31,8,65.79,72.7
842,10,2025-06-01,8,64.32,64.4
843,10,2025-06-02,11,66.52,63.2
844,10,2025-06-03,5,61.87,62.6
845,10,2025-06-04,6,66.93,57.1
846,10,2025-06-05,9,64.37,64.7
847,10,2025-06-06,6,61.52,61.0
848,10,2025-06-07,7,61.48,59.9
849,10,2025-06-08,4,72.54,62.5
850,10,2025-06-09,11,63.57,64.8
851,10,2025-06-10,11,60.5,53.2
852,10,2025-06-11,8,66.43,57.3
853,10,2025-06-12,8,57.35,60.8
854,10,2025-06-13,7,68.03,56.7
855,10,2025-06-14,5,62.48,61.8
856,10,2025-06-15,8,64.04,56.8
857,10,2025-06-16,7,67.84,59.8
858,10,2025-06-17,7,60.91,59.6
859,10,2025-06-18,10,73.12,56.3
860,10,2025-06-19,11,68.25,61.9
861,10,2025-06-20,7,66.38,62.3
862,10,2025-06-21,6,68.93,65.1
863,10,2025-06-22,6,61.3,59.9
864,10,2025-06-23,6,65.07,65.7
865,10,2025-06-24,9,65.13,61.0
866,10,2025-06-25,8,58.52,58.3
867,10,2025-06-26,3,68.86,58.8
868,10,2025-06-27,5,67.12,58.2
869,10,2025-06-28,6,63.39,60.0
870,10,2025-06-29,10,58.64,64.3
871,10,2025-06-30,7,67.21,56.2
872,10,2025-07-01,9,65.24,63.1
873,10,2025-07-02,8,63.06,61.1
874,10,2025-07-03,9,69.63,63.6
875,10,2025-07-04,8,65.51,66.4
876,10,2025-07-05,9,62.68,66.4
877,10,2025-07-06,8,63.93,58.8
878,10,2025-07-07,8,66.65,61.5
879,10,2025-07-08,8,70.36,65.0
880,10,2025-07-09,8,68.08,56.6
881,10,2025-07-10,5,70.69,59.9
882,10,2025-07-11,6,63.3,56.4
883,10,2025-07-12,7,-64.15,55.1
884,10,2025-07-13,10,67.97,57.1
885,10,2025-07-14,6,66.79,64.9
886,10,2025-07-15,9,67.82,56.4
887,10,2025-07-16,5,65.78,63.0
888,10,2025-07-17,5,62.57,63.1
889,10,2025-07-18,9,66.65,55.3
890,10,2025-07-19,8,61.56,63.0
891,10,2025-07-20,8,63.17,63.1
892,10,2025-07-21,3,63.64,56.7
893,10,2025-07-22,7,66.31,54.5
894,10,2025-07-23,7,64.47,63.5
895,10,2025-07-24,8,64.27,63.7
896,10,2025-07-25,4,66.21,62.6
897,10,2025-07-26,5,67.53,63.2
898,10,2025-07-27,7,64.53,60.6
899,10,2025-07-28,9,66.26,66.5
900,10,2025-07-29,10,61.32,63.2
901,11,2025-05-01,18,31.66,25.6
902,11,2025-05-02,16,33.57,22.2
903,11,2025-05-03,13,30.93,21.3
904,11,2025-05-04,17,35.19,18.0
905,11,2025-05-05,14,32.0,15.7
906,11,2025-05-06,15,24.2,23.8
907,11,2025-05-07,17,28.72,21.7
908,11,2025-05-08,16,28.98,17.0
909,11,2025-05-09,16,36.39,21.3
910,11,2025-05-10,13,,18.3
911,11,2025-05-11,15,34.19,28.0
912,11,2025-05-12,12,27.86,29.2
913,11,2025-05-13,17,29.49,22.6
914,11,2025-05-14,14,33.06,22.9
915,11,2025-05-15,8,30.63,23.5
916,11,2025-05-16,11,29.61,22.2
917,11,2025-05-17,17,31.66,20.4
918,11,2025-05-18,13,35.22,19.4
919,11,2025-05-19,14,30.28,19.4
920,11,2025-05-20,15,28.23,16.7
921,11,2025-05-21,15,32.39,18.0
922,11,2025-05-22,15,28.61,22.3
923,11,2025-05-23,12,30.4,23.1
924,11,2025-05-24,12,29.91,20.4
925,11,2025-05-25,13,29.97,15.1
926,11,2025-05-26,13,29.65,20.2
927,11,2025-05-27,15,30.31,23.2
928,11,2025-05-28,11,28.55,16.4
929,11,2025-05-29,12,29.04,19.8
930,11,2025-05-30,14,26.61,19.4
931,11,2025-05-31,13,32.29,19.0
932,11,2025-06-01,12,27.72,21.1
933,11,2025-06-02,13,32.22,14.1
934,11,2025-06-03,19,31.4,22.0
935,11,2025-06-04,13,31.55,17.2
936,11,2025-06-05,12,25.17,20.9
937,11,2025-06-06,13,33.25,19.1
938,11,2025-06-07,13,28.59,28.2
939,11,2025-06-08,14,36.0,24.5
940,11,2025-06-09,10,31.61,22.8
941,11,2025-06-10,13,29.66,24.6
942,11,2025-06-11,17,26.28,21.0
943,11,2025-06-12,15,34.24,21.0
944,11,2025-06-13,12,29.4,14.4
945,11,2025-06-14,13,35.19,20.2
946,11,2025-06-15,17,29.6,28.9
947,11,2025-06-16,14,37.16,20.6
948,11,2025-06-17,11,25.95,27.2
949,11,2025-06-18,12,31.15,16.9
950,11,2025-06-19,12,27.99,18.8
951,11,2025-06-20,11,28.86,24.6
952,11,2025-06-21,12,31.16,26.1
953,11,2025-06-22,16,28.35,20.3
954,11,2025-06-23,14,31.08,19.1
955,11,2025-06-24,14,27.19,24.0
956,11,2025-06-25,12,29.58,17.9
957,11,2025-06-26,12,32.1,26.2
958,11,2025-06-27,12,31.88,12.9
959,11,2025-06-28,12,30.41,17.6
960,11,2025-06-29,13,28.5,22.4
961,11,2025-06-30,12,23.79,12.8
962,11,2025-07-01,13,31.87,10.3
963,11,2025-07-02,13,28.92,26.8
964,11,2025-07-03,9,31.65,21.8
965,11,2025-07-04,15,32.8,22.1
966,11,2025-07-05,17,42.28,12.9
967,11,2025-07-06,13,29.64,22.4
968,11,2025-07-07,14,29.23,19.0
969,11,2025-07-08,13,25.95,24.3
970,11,2025-07-09,16,27.11,19.4
971,11,2025-07-10,12,28.89,22.7
972,11,2025-07-11,17,32.77,24.0
973,11,2025-07-12,14,29.97,23.9
974,11,2025-07-13,15,34.39,18.4
975,11,2025-07-14,14,29.92,21.0
976,11,2025-07-15,14,31.26,20.8
977,11,2025-07-16,15,35.23,25.2
978,11,2025-07-17,15,29.13,17.7
979,11,2025-07-18,12,33.13,27.1
980,11,2025-07-19,13,29.81,14.7
981,11,2025-07-20,15,33.49,19.4
982,11,2025-07-21,11,29.93,22.5
983,11,2025-07-22,13,30.76,10.0
984,11,2025-07-23,15,25.61,26.1
985,11,2025-07-24,12,31.9,27.3
986,11,2025-07-25,13,35.74,25.0
987,11,2025-07-26,12,33.91,16.8
988,11,2025-07-27,11,28.67,19.1
989,11,2025-07-28,14,34.17,20.2
990,11,2025-07-29,14,28.79,14.0
991,12,2025-05-01,2,72.72,75.5
992,12,2025-05-02,5,84.42,79.4
993,12,2025-05-03,6,82.25,72.4
994,12,2025-05-04,7,79.06,76.8
995,12,2025-05-05,1,80.66,76.9
996,12,2025-05-06,5,75.58,75.3
997,12,2025-05-07,8,75.07,85.4
998,12,2025-05-08,4,80.27,76.0
999,12,2025-05-09,5,75.6,76.1
1000,12,2025-05-10,4,74.73,77.1
1001,12,2025-05-11,4,72.74,72.3
1002,12,2025-05-12,2,84.12,78.0
1003,12,2025-05-13,7,79.92,69.6
1004,12,2025-05-14,7,77.05,75.4
1005,12,2025-05-15,4,74.6,70.2
1006,12,2025-05-16,1,81.58,69.7
1007,12,2025-05-17,7,77.11,78.0
1008,12,2025-05-18,7,77.07,74.1
1009,12,2025-05-19,5,72.85,74.2
1010,12,2025-05-20,5,79.81,73.7
1011,12,2025-05-21,6,71.0,73.1
1012,12,2025-05-22,6,75.51,76.0
1013,12,2025-05-23,3,77.43,76.4
1014,12,2025-05-24,5,77.84,78.2
1015,12,2025-05-25,6,76.7,76.6
1016,12,2025-05-26,4,72.31,80.4
1017,12,2025-05-27,2,,80.5
1018,12,2025-05-28,3,76.33,74.6
1019,12,2025-05-29,4,83.66,72.3
1020,12,2025-05-30,4,79.07,70.9
1021,12,2025-05-31,5,79.41,74.4
1022,12,2025-06-01,5,76.87,69.7
1023,12,2025-06-02,5,83.72,75.8
1024,12,2025-06-03,8,80.54,70.7
1025,12,2025-06-04,3,-79.07,82.3
1026,12,2025-06-05,6,83.91,78.9
1027,12,2025-06-06,7,79.16,74.8
1028,12,2025-06-07,3,78.88,67.9
1029,12,2025-06-08,5,77.9,77.0
1030,12,2025-06-09,5,82.12,67.9
1031,12,2025-06-10,5,73.01,78.8
1032,12,2025-06-11,7,79.72,72.3
1033,12,2025-06-12,5,81.59,78.1
1034,12,2025-06-13,6,80.2,72.9
1035,12,2025-06-14,3,83.41,80.0
1036,12,2025-06-15,6,79.54,70.6
1037,12,2025-06-16,2,79.81,68.3
1038,12,2025-06-17,2,77.61,74.5
1039,12,2025-06-18,4,79.63,76.8
1040,12,2025-06-19,8,76.19,79.9
1041,12,2025-06-20,6,77.01,73.3
1042,12,2025-06-21,6,77.39,75.2
1043,12,2025-06-22,5,,81.0
1044,12,2025-06-23,5,77.23,75.4
1045,12,2025-06-24,5,73.27,81.7
1046,12,2025-06-25,3,79.79,79.6
1047,12,2025-06-26,6,79.88,74.7
1048,12,2025-06-27,4,72.08,75.4
1049,12,2025-06-28,3,79.76,77.6
1050,12,2025-06-29,3,76.32,75.3
1051,12,2025-06-30,1,80.99,74.3
1052,12,2025-07-01,2,77.34,71.6
1053,12,2025-07-02,7,74.75,76.2
1054,12,2025-07-03,6,79.4,73.3
1055,12,2025-07-04,2,77.08,73.0
1056,12,2025-07-05,5,73.2,74.2
1057,12,2025-07-06,3,78.17,74.1
1058,12,2025-07-07,6,80.28,70.5
1059,12,2025-07-08,2,75.45,72.7
1060,12,2025-07-09,6,76.96,79.7
1061,12,2025-07-10,3,81.4,77.8
1062,12,2025-07-11,7,77.47,72.6
1063,12,2025-07-12,7,74.87,79.3
1064,12,2025-07-13,6,83.95,74.1
1065,12,2025-07-14,2,85.3,73.3
1066,12,2025-07-15,1,72.82,78.6
1067,12,2025-07-16,5,77.34,77.5
1068,12,2025-07-17,7,79.74,76.6
1069,12,2025-07-18,3,75.6,73.0
1070,12,2025-07-19,6,80.95,79.4
1071,12,2025-07-20,8,82.01,71.0
1072,12,2025-07-21,8,83.03,78.7
1073,12,2025-07-22,3,73.49,73.7
1074,12,2025-07-23,6,80.62,71.5
1075,12,2025-07-24,5,82.57,78.5
1076,12,2025-07-25,7,75.5,72.4
1077,12,2025-07-26,4,80.8,75.6
1078,12,2025-07-27,9,72.38,71.5
1079,12,2025-07-28,7,74.62,76.5
1080,12,2025-07-29,7,74.7,76.5
1081,13,2025-05-01,3,71.46,122.1777470303578
1082,13,2025-05-02,8,74.6,67.1
1083,13,2025-05-03,7,72.74,64.8
1084,13,2025-05-04,7,65.85,70.2
1085,13,2025-05-05,7,73.34,72.0
1086,13,2025-05-06,5,71.86,64.2
1087,13,2025-05-07,6,74.98,73.5
1088,13,2025-05-08,8,71.56,64.1
1089,13,2025-05-09,4,73.42,75.5
1090,13,2025-05-10,7,70.29,68.7
1091,13,2025-05-11,8,70.77,64.3
1092,13,2025-05-12,9,73.58,64.1
1093,13,2025-05-13,6,74.93,68.3
1094,13,2025-05-14,6,73.08,64.3
1095,13,2025-05-15,3,64.96,71.3
1096,13,2025-05-16,6,75.93,66.4
1097,13,2025-05-17,9,69.54,66.6
1098,13,2025-05-18,7,63.96,72.9
1099,13,2025-05-19,9,67.8,63.4
1100,13,2025-05-20,8,68.58,63.1
1101,13,2025-05-21,6,72.44,64.0
1102,13,2025-05-22,8,68.34,72.2
1103,13,2025-05-23,10,73.02,69.2
1104,13,2025-05-24,7,71.42,63.0
1105,13,2025-05-25,5,77.68,63.7
1106,13,2025-05-26,4,72.67,67.5
1107,13,2025-05-27,6,74.79,77.0
1108,13,2025-05-28,7,68.71,61.6
1109,13,2025-05-29,6,74.73,69.7
1110,13,2025-05-30,8,69.65,63.4
1111,13,2025-05-31,9,74.16,61.6
1112,13,2025-06-01,3,73.14,73.3
1113,13,2025-06-02,7,67.32,67.2
1114,13,2025-06-03,6,76.81,70.6
1115,13,2025-06-04,4,68.34,72.7
1116,13,2025-06-05,9,76.31,66.6
1117,13,2025-06-06,5,73.46,67.2
1118,13,2025-06-07,6,70.4,69.5
1119,13,2025-06-08,6,69.64,67.1
1120,13,2025-06-09,4,65.03,69.6
1121,13,2025-06-10,2,67.96,61.0
1122,13,2025-06-11,10,67.35,64.9
1123,13,2025-06-12,7,69.84,68.5
1124,13,2025-06-13,4,71.81,67.4
1125,13,2025-06-14,3,75.77,75.0
1126,13,2025-06-15,4,68.35,66.6
1127,13,2025-06-16,10,72.94,64.8
1128,13,2025-06-17,8,74.99,68.6
1129,13,2025-06-18,4,74.74,65.5
1130,13,2025-06-19,6,71.65,71.2
1131,13,2025-06-20,6,66.69,64.5
1132,13,2025-06-21,3,71.19,75.6
1133,13,2025-06-22,11,72.94,73.7
1134,13,2025-06-23,7,70.21,69.7
1135,13,2025-06-24,7,72.01,67.4
1136,13,2025-06-25,6,63.82,70.5
1137,13,2025-06-26,5,70.75,75.9
1138,13,2025-06-27,4,,75.7
1139,13,2025-06-28,8,69.77,67.2
1140,13,2025-06-29,5,72.04,62.6
1141,13,2025-06-30,7,69.6,67.4
1142,13,2025-07-01,8,72.67,60.6
1143,13,2025-07-02,7,72.18,73.3
1144,13,2025-07-03,9,74.72,69.6
1145,13,2025-07-04,11,72.99,67.4
1146,13,2025-07-05,4,74.09,70.0
1147,13,2025-07-06,6,67.56,68.9
1148,13,2025-07-07,9,69.58,68.3
1149,13,2025-07-08,6,73.51,63.2
1150,13,2025-07-09,5,69.01,66.2
1151,13,2025-07-10,6,69.99,62.7
1152,13,2025-07-11,10,69.74,56.0
1153,13,2025-07-12,6,74.69,66.2
1154,13,2025-07-13,10,67.91,74.5
1155,13,2025-07-14,6,71.89,71.8
1156,13,2025-07-15,6,67.41,66.1
1157,13,2025-07-16,6,70.06,66.9
1158,13,2025-07-17,4,71.18,68.0
1159,13,2025-07-18,8,69.27,62.6
1160,13,2025-07-19,9,65.1,72.4
1161,13,2025-07-20,5,70.51,57.3
1162,13,2025-07-21,5,71.23,63.7
1163,13,2025-07-22,4,76.01,70.4
1164,13,2025-07-23,6,66.63,66.4
1165,13,2025-07-24,7,72.91,65.6
1166,13,2025-07-25,6,77.23,71.0
1167,13,2025-07-26,8,70.87,66.3
1168,13,2025-07-27,6,69.54,67.9
1169,13,2025-07-28,7,69.91,62.3
1170,13,2025-07-29,5,71.24,69.8
1171,14,2025-05-01,15,43.84,28.7
1172,14,2025-05-02,13,34.94,34.0
1173,14,2025-05-03,14,37.79,33.9
1174,14,2025-05-04,7,33.53,34.3
1175,14,2025-05-05,11,37.28,38.8
1176,14,2025-05-06,16,36.66,31.5
1177,14,2025-05-07,15,34.68,28.0
1178,14,2025-05-08,9,45.75,31.8
1179,14,2025-05-09,13,46.47,38.6
1180,14,2025-05-10,11,37.74,32.1
1181,14,2025-05-11,13,41.17,38.1
1182,14,2025-05-12,12,36.95,127.28623823775904
1183,14,2025-05-13,10,42.24,38.1
1184,14,2025-05-14,9,40.07,30.1
1185,14,2025-05-15,8,41.22,42.3
1186,14,2025-05-16,12,40.08,34.8
1187,14,2025-05-17,12,39.84,27.1
1188,14,2025-05-18,14,37.91,23.5
1189,14,2025-05-19,12,43.06,32.5
1190,14,2025-05-20,14,43.4,33.1
1191,14,2025-05-21,12,39.29,37.5
1192,14,2025-05-22,12,40.76,27.2
1193,14,2025-05-23,10,37.68,29.7
1194,14,2025-05-24,14,36.98,40.7
1195,14,2025-05-25,12,45.94,27.4
1196,14,2025-05-26,10,36.3,29.5
1197,14,2025-05-27,14,43.9,30.7
1198,14,2025-05-28,9,41.99,41.5
1199,14,2025-05-29,10,43.96,36.8
1200,14,2025-05-30,11,43.2,33.6
1201,14,2025-05-31,16,37.71,29.4
1202,14,2025-06-01,10,40.18,35.4
1203,14,2025-06-02,9,37.84,36.6
1204,14,2025-06-03,12,38.93,32.4
1205,14,2025-06-04,13,39.64,33.8
1206,14,2025-06-05,11,42.38,28.3
1207,14,2025-06-06,9,43.76,35.8
1208,14,2025-06-07,12,41.23,24.3
1209,14,2025-06-08,10,45.87,28.5
1210,14,2025-06-09,10,42.47,26.1
1211,14,2025-06-10,11,41.97,29.7
1212,14,2025-06-11,12,42.41,33.9
1213,14,2025-06-12,11,39.16,33.7
1214,14,2025-06-13,11,41.55,30.3
1215,14,2025-06-14,10,37.21,32.1
1216,14,2025-06-15,12,36.84,33.3
1217,14,2025-06-16,13,42.53,30.5
1218,14,2025-06-17,10,41.83,34.0
1219,14,2025-06-18,12,40.63,33.7
1220,14,2025-06-19,16,33.92,32.9
1221,14,2025-06-20,12,39.1,29.3
1222,14,2025-06-21,9,41.12,37.0
1223,14,2025-06-22,11,42.37,34.6
1224,14,2025-06-23,13,41.2,36.4
1225,14,2025-06-24,12,36.75,35.5
1226,14,2025-06-25,11,40.4,32.5
1227,14,2025-06-26,10,43.76,31.9
1228,14,2025-06-27,14,39.0,33.0
1229,14,2025-06-28,17,41.99,28.8
1230,14,2025-06-29,11,40.97,37.4
1231,14,2025-06-30,14,41.78,35.6
1232,14,2025-07-01,11,43.35,35.7
1233,14,2025-07-02,14,38.46,33.6
1234,14,2025-07-03,15,39.51,36.5
1235,14,2025-07-04,11,37.43,28.9
1236,14,2025-07-05,14,41.1,30.2
1237,14,2025-07-06,9,41.45,32.4
1238,14,2025-07-07,7,36.23,33.4
1239,14,2025-07-08,18,43.22,31.6
1240,14,2025-07-09,12,47.1,31.5
1241,14,2025-07-10,8,43.17,39.1
1242,14,2025-07-11,13,34.82,29.8
1243,14,2025-07-12,9,41.67,36.5
1244,14,2025-07-13,10,33.23,35.7
1245,14,2025-07-14,13,34.12,32.8
1246,14,2025-07-15,11,39.81,30.4
1247,14,2025-07-16,10,39.07,26.9
1248,14,2025-07-17,12,41.74,33.5
1249,14,2025-07-18,7,37.19,31.5
1250,14,2025-07-19,9,40.72,38.0
1251,14,2025-07-20,14,38.42,33.6
1252,14,2025-07-21,8,38.84,29.5
1253,14,2025-07-22,12,40.49,40.4
1254,14,2025-07-23,12,40.11,33.5
1255,14,2025-07-24,12,37.74,35.5
1256,14,2025-07-25,14,40.23,28.3
1257,14,2025-07-26,14,42.17,30.0
1258,14,2025-07-27,10,38.69,29.1
1259,14,2025-07-28,8,34.87,34.1
1260,14,2025-07-29,12,36.49,23.9
1261,15,2025-05-01,10,38.19,29.2
1262,15,2025-05-02,11,35.12,32.4
1263,15,2025-05-03,12,39.59,27.0
1264,15,2025-05-04,11,42.55,32.8
1265,15,2025-05-05,12,39.41,29.5
1266,15,2025-05-06,12,37.66,29.8
1267,15,2025-05-07,9,35.66,26.4
1268,15,2025-05-08,12,33.84,25.6
1269,15,2025-05-09,12,,32.6
1270,15,2025-05-10,14,32.73,33.1
1271,15,2025-05-11,10,35.66,32.2
1272,15,2025-05-12,8,38.93,25.4
1273,15,2025-05-13,11,37.49,30.0
1274,15,2025-05-14,13,35.09,28.9
1275,15,2025-05-15,11,38.51,31.2
1276,15,2025-05-16,13,42.16,25.8
1277,15,2025-05-17,12,42.19,32.4
1278,15,2025-05-18,9,37.06,34.6
1279,15,2025-05-19,14,35.73,28.9
1280,15,2025-05-20,11,39.78,26.6
1281,15,2025-05-21,14,36.8,27.7
1282,15,2025-05-22,14,34.52,36.9
1283,15,2025-05-23,12,41.91,28.6
1284,15,2025-05-24,13,34.34,28.4
1285,15,2025-05-25,11,42.53,26.1
1286,15,2025-05-26,13,38.19,24.9
1287,15,2025-05-27,11,36.47,29.7
1288,15,2025-05-28,12,36.27,30.5
1289,15,2025-05-29,13,37.52,27.6
1290,15,2025-05-30,14,43.6,31.1
1291,15,2025-05-31,10,34.47,31.1
1292,15,2025-06-01,14,34.21,27.5
1293,15,2025-06-02,9,41.49,31.5
1294,15,2025-06-03,12,38.05,31.7
1295,15,2025-06-04,12,33.11,26.9
1296,15,2025-06-05,12,,21.7
1297,15,2025-06-06,13,39.07,33.9
1298,15,2025-06-07,8,40.39,27.3
1299,15,2025-06-08,15,37.46,34.5
1300,15,2025-06-09,13,40.77,32.2
1301,15,2025-06-10,15,36.97,30.0
1302,15,2025-06-11,11,35.81,37.0
1303,15,2025-06-12,13,42.62,24.9
1304,15,2025-06-13,12,36.43,24.8
1305,15,2025-06-14,9,41.67,27.1
1306,15,2025-06-15,13,38.36,30.2
1307,15,2025-06-16,16,41.49,30.3
1308,15,2025-06-17,9,39.31,29.1
1309,15,2025-06-18,14,37.85,29.2
1310,15,2025-06-19,12,40.03,25.8
1311,15,2025-06-20,14,40.65,36.6
1312,15,2025-06-21,13,40.92,30.7
1313,15,2025-06-22,11,42.39,25.2
1314,15,2025-06-23,14,36.32,32.0
1315,15,2025-06-24,11,36.85,20.9
1316,15,2025-06-25,13,41.38,32.7
1317,15,2025-06-26,13,37.8,25.4
1318,15,2025-06-27,13,36.14,39.2
1319,15,2025-06-28,12,36.9,28.1
1320,15,2025-06-29,12,37.92,35.0
1321,15,2025-06-30,12,36.45,38.1
1322,15,2025-07-01,13,40.95,28.1
1323,15,2025-07-02,16,39.57,22.9
1324,15,2025-07-03,10,42.51,28.9
1325,15,2025-07-04,13,39.68,30.8
1326,15,2025-07-05,15,39.21,32.5
1327,15,2025-07-06,15,40.34,26.3
1328,15,2025-07-07,10,43.56,43.1
1329,15,2025-07-08,13,39.37,22.2
1330,15,2025-07-09,10,37.0,38.2
1331,15,2025-07-10,8,33.57,28.6
1332,15,2025-07-11,12,40.89,22.2
1333,15,2025-07-12,15,32.41,29.2
1334,15,2025-07-13,12,39.72,27.0
1335,15,2025-07-14,9,38.69,32.4
1336,15,2025-07-15,11,40.42,19.7
1337,15,2025-07-16,12,37.18,33.0
1338,15,2025-07-17,12,,26.6
1339,15,2025-07-18,11,38.4,28.2
1340,15,2025-07-19,12,40.73,28.4
1341,15,2025-07-20,8,45.15,24.8
1342,15,2025-07-21,11,40.99,27.8
1343,15,2025-07-22,15,36.3,29.5
1344,15,2025-07-23,9,41.05,33.9
1345,15,2025-07-24,10,35.19,19.1
1346,15,2025-07-25,12,41.51,32.6
1347,15,2025-07-26,12,38.57,27.7
1348,15,2025-07-27,13,40.94,24.0
1349,15,2025-07-28,13,41.44,28.8
1350,15,2025-07-29,13,47.08,30.1
1351,16,2025-05-01,13,36.43,31.2
1352,16,2025-05-02,12,39.22,26.4
1353,16,2025-05-03,14,43.03,32.3
1354,16,2025-05-04,13,37.93,33.5
1355,16,2025-05-05,10,35.79,31.8
1356,16,2025-05-06,13,36.74,31.3
1357,16,2025-05-07,13,35.07,34.7
1358,16,2025-05-08,12,36.53,24.3
1359,16,2025-05-09,11,37.3,31.0
1360,16,2025-05-10,11,32.62,28.9
1361,16,2025-05-11,15,40.54,27.7
1362,16,2025-05-12,12,32.91,35.7
1363,16,2025-05-13,14,41.22,30.8
1364,16,2025-05-14,15,37.48,26.1
1365,16,2025-05-15,14,38.3,31.4
1366,16,2025-05-16,11,35.54,32.9
1367,16,2025-05-17,9,38.24,30.8
1368,16,2025-05-18,14,36.3,35.9
1369,16,2025-05-19,11,38.45,31.5
1370,16,2025-05-20,12,42.71,29.7
1371,16,2025-05-21,15,42.08,27.4
1372,16,2025-05-22,11,34.05,37.0
1373,16,2025-05-23,11,37.91,22.9
1374,16,2025-05-24,12,,28.1
1375,16,2025-05-25,13,41.51,31.3
1376,16,2025-05-26,16,35.35,27.0
1377,16,2025-05-27,12,36.43,37.1
1378,16,2025-05-28,15,38.65,34.8
1379,16,2025-05-29,12,38.31,28.9
1380,16,2025-05-30,12,39.65,34.1
1381,16,2025-05-31,13,40.5,37.1
1382,16,2025-06-01,7,39.57,24.4
1383,16,2025-06-02,11,39.81,30.1
1384,16,2025-06-03,14,39.37,30.3
1385,16,2025-06-04,14,38.9,27.5
1386,16,2025-06-05,11,37.99,32.6
1387,16,2025-06-06,12,36.69,30.8
1388,16,2025-06-07,8,40.08,29.4
1389,16,2025-06-08,11,37.34,33.7
1390,16,2025-06-09,11,37.9,34.4
1391,16,2025-06-10,11,34.01,29.9
1392,16,2025-06-11,13,35.74,29.8
1393,16,2025-06-12,16,38.61,31.7
1394,16,2025-06-13,11,37.61,31.6
1395,16,2025-06-14,11,36.1,28.2
1396,16,2025-06-15,11,39.72,39.9
1397,16,2025-06-16,13,37.39,30.2
1398,16,2025-06-17,7,39.43,35.6
1399,16,2025-06-18,14,31.48,28.5
1400,16,2025-06-19,13,33.94,18.5
1401,16,2025-06-20,10,39.37,26.1
1402,16,2025-06-21,11,35.73,30.9
1403,16,2025-06-22,10,40.12,19.1
1404,16,2025-06-23,11,35.26,29.5
1405,16,2025-06-24,12,41.03,23.1
1406,16,2025-06-25,11,40.32,37.9
1407,16,2025-06-26,7,39.61,23.3
1408,16,2025-06-27,14,41.17,30.5
1409,16,2025-06-28,16,34.52,32.6
1410,16,2025-06-29,12,39.9,31.6
1411,16,2025-06-30,11,33.93,35.9
1412,16,2025-07-01,10,40.15,24.2
1413,16,2025-07-02,15,42.95,29.1
1414,16,2025-07-03,14,38.41,23.1
1415,16,2025-07-04,12,36.87,33.3
1416,16,2025-07-05,16,34.01,31.2
1417,16,2025-07-06,14,40.12,30.3
1418,16,2025-07-07,10,39.27,31.3
1419,16,2025-07-08,10,39.34,34.6
1420,16,2025-07-09,10,,30.1
1421,16,2025-07-10,14,41.63,29.4
1422,16,2025-07-11,13,37.76,30.3
1423,16,2025-07-12,10,39.51,22.5
1424,16,2025-07-13,11,41.43,30.0
1425,16,2025-07-14,8,34.56,26.2
1426,16,2025-07-15,10,38.34,28.1
1427,16,2025-07-16,16,38.44,32.0
1428,16,2025-07-17,14,34.1,35.1
1429,16,2025-07-18,11,,31.3
1430,16,2025-07-19,13,39.2,36.5
1431,16,2025-07-20,9,40.17,28.8
1432,16,2025-07-21,9,38.01,35.3
1433,16,2025-07-22,10,35.47,31.0
1434,16,2025-07-23,9,36.26,28.8
1435,16,2025-07-24,9,35.72,33.3
1436,16,2025-07-25,13,33.85,28.0
1437,16,2025-07-26,12,38.05,28.6
1438,16,2025-07-27,13,33.4,32.5
1439,16,2025-07-28,10,37.41,34.5
1440,16,2025-07-29,11,42.02,31.1
1441,17,2025-05-01,13,44.74,37.1
1442,17,2025-05-02,13,41.57,34.4
1443,17,2025-05-03,14,43.01,41.1
1444,17,2025-05-04,9,43.59,40.2
1445,17,2025-05-05,12,47.06,38.3
1446,17,2025-05-06,12,42.86,30.9
1447,17,2025-05-07,13,38.61,36.2
1448,17,2025-05-08,13,45.38,45.3
1449,17,2025-05-09,11,42.84,37.6
1450,17,2025-05-10,10,40.05,33.7
1451,17,2025-05-11,10,38.69,37.7
1452,17,2025-05-12,12,39.78,39.1
1453,17,2025-05-13,12,45.48,36.2
1454,17,2025-05-14,9,46.84,38.7
1455,17,2025-05-15,10,45.63,42.3
1456,17,2025-05-16,11,51.09,35.4
1457,17,2025-05-17,7,42.78,38.4
1458,17,2025-05-18,11,43.16,33.1
1459,17,2025-05-19,6,47.78,40.1
1460,17,2025-05-20,9,50.93,38.7
1461,17,2025-05-21,10,45.27,38.2
1462,17,2025-05-22,10,45.39,35.1
1463,17,2025-05-23,11,42.74,31.8
1464,17,2025-05-24,13,46.56,39.6
1465,17,2025-05-25,13,45.77,35.4
1466,17,2025-05-26,9,40.73,33.9
1467,17,2025-05-27,12,48.04,41.3
1468,17,2025-05-28,12,48.02,34.0
1469,17,2025-05-29,11,44.42,40.9
1470,17,2025-05-30,13,43.65,39.7
1471,17,2025-05-31,9,42.79,37.3
1472,17,2025-06-01,12,37.31,38.3
1473,17,2025-06-02,10,45.59,29.7
1474,17,2025-06-03,9,38.14,43.0
1475,17,2025-06-04,9,48.57,41.3
1476,17,2025-06-05,9,41.4,38.9
1477,17,2025-06-06,7,45.11,35.6
1478,17,2025-06-07,10,38.11,38.4
1479,17,2025-06-08,13,43.14,40.3
1480,17,2025-06-09,12,43.98,36.1
1481,17,2025-06-10,12,40.73,38.4
1482,17,2025-06-11,9,46.84,29.8
1483,17,2025-06-12,12,42.17,37.9
1484,17,2025-06-13,10,49.29,35.5
1485,17,2025-06-14,13,48.25,38.7
1486,17,2025-06-15,8,45.67,32.9
1487,17,2025-06-16,13,40.15,40.1
1488,17,2025-06-17,13,50.35,40.9
1489,17,2025-06-18,13,43.06,32.9
1490,17,2025-06-19,12,46.05,37.9
1491,17,2025-06-20,13,45.77,42.6
1492,17,2025-06-21,12,46.43,40.9
1493,17,2025-06-22,8,43.42,40.5
1494,17,2025-06-23,11,47.96,32.7
1495,17,2025-06-24,11,42.26,39.7
1496,17,2025-06-25,10,40.02,39.2
1497,17,2025-06-26,12,47.44,37.5
1498,17,2025-06-27,10,41.93,35.1
1499,17,2025-06-28,9,47.37,44.2
1500,17,2025-06-29,9,48.03,28.8
1501,17,2025-06-30,8,41.92,32.1
1502,17,2025-07-01,12,46.04,36.6
1503,17,2025-07-02,12,46.87,38.6
1504,17,2025-07-03,13,44.59,32.8
1505,17,2025-07-04,11,43.03,33.8
1506,17,2025-07-05,12,42.06,35.8
1507,17,2025-07-06,10,45.85,33.9
1508,17,2025-07-07,15,48.02,39.5
1509,17,2025-07-08,8,48.34,42.1
1510,17,2025-07-09,10,47.09,37.3
1511,17,2025-07-10,12,45.3,41.3
1512,17,2025-07-11,10,42.16,40.5
1513,17,2025-07-12,10,45.45,36.3
1514,17,2025-07-13,15,47.1,33.3
1515,17,2025-07-14,12,39.34,35.1
1516,17,2025-07-15,11,46.55,37.1
1517,17,2025-07-16,14,46.03,36.6
1518,17,2025-07-17,9,47.32,41.0
1519,17,2025-07-18,9,44.56,36.3
1520,17,2025-07-19,12,45.88,35.3
1521,17,2025-07-20,9,41.59,44.4
1522,17,2025-07-21,10,45.46,40.7
1523,17,2025-07-22,14,47.36,32.6
1524,17,2025-07-23,10,44.84,35.1
1525,17,2025-07-24,9,47.23,35.2
1526,17,2025-07-25,15,44.14,32.8
1527,17,2025-07-26,11,43.1,40.8
1528,17,2025-07-27,12,41.85,37.5
1529,17,2025-07-28,13,44.24,42.3
1530,17,2025-07-29,9,47.56,35.7
1531,18,2025-05-01,10,54.18,51.0
1532,18,2025-05-02,9,49.51,50.2
1533,18,2025-05-03,10,55.19,55.4
1534,18,2025-05-04,11,59.95,49.4
1535,18,2025-05-05,7,60.93,55.5
1536,18,2025-05-06,10,55.26,48.9
1537,18,2025-05-07,9,58.08,46.9
1538,18,2025-05-08,8,49.96,56.0
1539,18,2025-05-09,11,56.19,49.0
1540,18,2025-05-10,9,47.51,50.2
1541,18,2025-05-11,7,54.66,57.2
1542,18,2025-05-12,11,58.34,51.7
1543,18,2025-05-13,11,54.02,47.3
1544,18,2025-05-14,8,57.3,44.1
1545,18,2025-05-15,8,57.18,53.6
1546,18,2025-05-16,6,47.28,52.3
1547,18,2025-05-17,10,49.97,38.9
1548,18,2025-05-18,12,56.41,49.3
1549,18,2025-05-19,6,57.93,56.7
1550,18,2025-05-20,8,55.92,43.8
1551,18,2025-05-21,9,55.27,52.8
1552,18,2025-05-22,13,57.89,53.1
1553,18,2025-05-23,9,55.07,46.5
1554,18,2025-05-24,8,53.61,56.2
1555,18,2025-05-25,10,54.32,48.4
1556,18,2025-05-26,12,55.55,47.7
1557,18,2025-05-27,10,53.45,50.4
1558,18,2025-05-28,7,51.13,52.2
1559,18,2025-05-29,10,58.49,46.4
1560,18,2025-05-30,9,59.34,53.7
1561,18,2025-05-31,12,55.33,47.9
1562,18,2025-06-01,10,53.92,46.1
1563,18,2025-06-02,6,53.63,46.4
1564,18,2025-06-03,9,54.57,49.9
1565,18,2025-06-04,8,58.87,52.4
1566,18,2025-06-05,11,55.43,52.3
1567,18,2025-06-06,7,56.4,48.4
1568,18,2025-06-07,10,51.68,52.9
1569,18,2025-06-08,12,57.75,49.7
1570,18,2025-06-09,9,54.57,54.1
1571,18,2025-06-10,10,54.19,52.6
1572,18,2025-06-11,9,57.09,50.6
1573,18,2025-06-12,10,63.19,55.0
1574,18,2025-06-13,10,56.36,54.3
1575,18,2025-06-14,9,56.1,49.0
1576,18,2025-06-15,8,46.51,51.1
1577,18,2025-06-16,6,60.8,50.3
1578,18,2025-06-17,10,55.87,46.1
1579,18,2025-06-18,7,56.89,54.1
1580,18,2025-06-19,10,56.12,44.8
1581,18,2025-06-20,9,57.58,112.70033617088019
1582,18,2025-06-21,8,57.26,56.7
1583,18,2025-06-22,7,56.44,45.9
1584,18,2025-06-23,8,56.31,54.7
1585,18,2025-06-24,8,55.31,48.6
1586,18,2025-06-25,11,56.9,44.3
1587,18,2025-06-26,6,54.02,53.1
1588,18,2025-06-27,10,58.03,52.9
1589,18,2025-06-28,6,53.04,51.2
1590,18,2025-06-29,10,55.26,54.4
1591,18,2025-06-30,10,56.07,46.4
1592,18,2025-07-01,10,56.08,41.0
1593,18,2025-07-02,7,55.95,55.1
1594,18,2025-07-03,9,46.49,51.4
1595,18,2025-07-04,14,50.95,46.3
1596,18,2025-07-05,8,55.1,53.2
1597,18,2025-07-06,8,49.75,49.6
1598,18,2025-07-07,9,54.82,49.8
1599,18,2025-07-08,10,55.57,45.2
1600,18,2025-07-09,10,50.17,42.0
1601,18,2025-07-10,6,57.54,50.0
1602,18,2025-07-11,6,53.9,49.2
1603,18,2025-07-12,12,53.8,52.9
1604,18,2025-07-13,5,54.76,53.3
1605,18,2025-07-14,9,58.0,47.0
1606,18,2025-07-15,7,55.28,55.5
1607,18,2025-07-16,9,57.9,49.1
1608,18,2025-07-17,9,55.47,46.9
1609,18,2025-07-18,9,55.83,51.2
1610,18,2025-07-19,7,58.41,53.9
1611,18,2025-07-20,10,58.63,45.5
1612,18,2025-07-21,9,57.88,42.6
1613,18,2025-07-22,12,54.61,47.2
1614,18,2025-07-23,9,54.06,47.0
1615,18,2025-07-24,11,58.08,49.7
1616,18,2025-07-25,8,57.61,41.5
1617,18,2025-07-26,4,54.33,52.2
1618,18,2025-07-27,9,63.67,52.4
1619,18,2025-07-28,11,59.56,59.6
1620,18,2025-07-29,9,58.87,50.8
1621,19,2025-05-01,8,49.75,41.4
1622,19,2025-05-02,6,47.13,44.4
1623,19,2025-05-03,10,,44.6
1624,19,2025-05-04,12,49.61,57.1
1625,19,2025-05-05,9,47.45,45.7
1626,19,2025-05-06,11,48.14,39.4
1627,19,2025-05-07,12,49.14,48.6
1628,19,2025-05-08,11,55.3,41.3
1629,19,2025-05-09,8,53.08,42.9
1630,19,2025-05-10,11,56.01,45.7
1631,19,2025-05-11,9,48.71,39.9
1632,19,2025-05-12,10,50.81,40.5
1633,19,2025-05-13,11,,40.3
1634,19,2025-05-14,8,52.99,43.2
1635,19,2025-05-15,11,48.1,43.3
1636,19,2025-05-16,7,53.96,42.8
1637,19,2025-05-17,9,51.98,41.5
1638,19,2025-05-18,10,55.16,48.1
1639,19,2025-05-19,12,47.36,45.6
1640,19,2025-05-20,12,50.05,50.2
1641,19,2025-05-21,11,56.17,46.0
1642,19,2025-05-22,9,55.42,46.5
1643,19,2025-05-23,7,49.83,45.7
1644,19,2025-05-24,5,50.75,49.1
1645,19,2025-05-25,9,55.78,49.2
1646,19,2025-05-26,12,52.81,44.8
1647,19,2025-05-27,11,54.13,39.1
1648,19,2025-05-28,8,50.56,45.1
1649,19,2025-05-29,8,56.42,48.9
1650,19,2025-05-30,11,47.18,43.2
1651,19,2025-05-31,11,51.9,49.8
1652,19,2025-06-01,7,54.09,46.1
1653,19,2025-06-02,10,50.59,49.0
1654,19,2025-06-03,8,52.69,43.5
1655,19,2025-06-04,8,50.81,46.0
1656,19,2025-06-05,12,50.47,41.0
1657,19,2025-06-06,13,50.3,50.6
1658,19,2025-06-07,6,50.94,40.7
1659,19,2025-06-08,12,46.76,39.3
1660,19,2025-06-09,5,51.53,46.3
1661,19,2025-06-10,10,47.59,48.3
1662,19,2025-06-11,13,50.74,47.0
1663,19,2025-06-12,10,,45.0
1664,19,2025-06-13,11,58.36,36.4
1665,19,2025-06-14,8,,47.0
1666,19,2025-06-15,16,51.03,47.6
1667,19,2025-06-16,9,53.6,41.4
1668,19,2025-06-17,9,49.82,37.6
1669,19,2025-06-18,12,53.38,39.7
1670,19,2025-06-19,9,52.64,41.8
1671,19,2025-06-20,10,55.97,47.7
1672,19,2025-06-21,9,50.47,45.1
1673,19,2025-06-22,10,44.87,52.9
1674,19,2025-06-23,8,52.37,44.5
1675,19,2025-06-24,14,50.62,38.4
1676,19,2025-06-25,9,47.48,40.6
1677,19,2025-06-26,7,55.04,44.8
1678,19,2025-06-27,11,54.94,47.7
1679,19,2025-06-28,14,53.33,54.3
1680,19,2025-06-29,11,49.12,51.2
1681,19,2025-06-30,9,52.68,38.0
1682,19,2025-07-01,12,48.74,48.1
1683,19,2025-07-02,12,44.96,44.7
1684,19,2025-07-03,10,50.62,47.7
1685,19,2025-07-04,7,52.2,43.7
1686,19,2025-07-05,10,47.82,47.6
1687,19,2025-07-06,9,50.76,43.1
1688,19,2025-07-07,7,54.32,43.4
1689,19,2025-07-08,10,53.41,43.9
1690,19,2025-07-09,10,56.0,44.7
1691,19,2025-07-10,11,47.64,43.9
1692,19,2025-07-11,10,46.51,45.6
1693,19,2025-07-12,10,51.3,48.9
1694,19,2025-07-13,10,55.61,40.8
1695,19,2025-07-14,12,51.43,40.5
1696,19,2025-07-15,11,58.15,44.7
1697,19,2025-07-16,6,,41.9
1698,19,2025-07-17,13,49.06,39.2
1699,19,2025-07-18,12,50.83,43.4
1700,19,2025-07-19,10,47.81,41.7
1701,19,2025-07-20,10,54.27,46.8
1702,19,2025-07-21,10,51.41,46.4
1703,19,2025-07-22,8,48.09,44.9
1704,19,2025-07-23,15,51.42,42.8
1705,19,2025-07-24,9,51.06,39.1
1706,19,2025-07-25,9,52.74,51.4
1707,19,2025-07-26,7,46.43,48.0
1708,19,2025-07-27,10,49.87,43.7
1709,19,2025-07-28,9,53.25,42.0
1710,19,2025-07-29,10,51.14,45.3
1711,20,2025-05-01,12,45.45,40.1
1712,20,2025-05-02,11,45.5,30.4
1713,20,2025-05-03,10,45.58,39.7
1714,20,2025-05-04,12,42.16,34.5
1715,20,2025-05-05,13,47.24,35.1
1716,20,2025-05-06,11,44.51,36.3
1717,20,2025-05-07,16,46.38,38.1
1718,20,2025-05-08,10,41.58,38.8
1719,20,2025-05-09,11,41.53,36.7
1720,20,2025-05-10,9,52.89,36.0
1721,20,2025-05-11,11,44.96,28.5
1722,20,2025-05-12,13,44.19,39.9
1723,20,2025-05-13,9,42.63,36.1
1724,20,2025-05-14,8,40.76,38.0
1725,20,2025-05-15,12,42.9,32.8
1726,20,2025-05-16,7,49.54,31.5
1727,20,2025-05-17,11,43.77,36.8
1728,20,2025-05-18,12,42.8,35.9
1729,20,2025-05-19,10,47.26,28.9
1730,20,2025-05-20,14,44.78,33.1
1731,20,2025-05-21,12,42.23,36.6
1732,20,2025-05-22,10,42.37,29.4
1733,20,2025-05-23,9,47.23,35.4
1734,20,2025-05-24,10,46.92,35.4
1735,20,2025-05-25,16,44.59,39.8
1736,20,2025-05-26,10,46.62,41.4
1737,20,2025-05-27,11,41.06,37.0
1738,20,2025-05-28,12,40.9,36.0
1739,20,2025-05-29,12,,38.8
1740,20,2025-05-30,9,42.62,34.7
1741,20,2025-05-31,11,49.49,36.8
1742,20,2025-06-01,9,41.35,48.5
1743,20,2025-06-02,12,42.85,38.4
1744,20,2025-06-03,12,47.01,44.0
1745,20,2025-06-04,12,40.97,35.7
1746,20,2025-06-05,13,50.34,31.2
1747,20,2025-06-06,11,44.68,40.1
1748,20,2025-06-07,12,41.61,39.8
1749,20,2025-06-08,10,47.06,36.7
1750,20,2025-06-09,12,39.46,40.0
1751,20,2025-06-10,10,41.24,34.6
1752,20,2025-06-11,9,39.69,33.5
1753,20,2025-06-12,8,42.9,33.8
1754,20,2025-06-13,9,50.21,41.8
1755,20,2025-06-14,13,44.96,38.4
1756,20,2025-06-15,10,41.68,41.1
1757,20,2025-06-16,14,40.13,39.6
1758,20,2025-06-17,12,51.9,32.0
1759,20,2025-06-18,8,42.91,39.9
1760,20,2025-06-19,11,40.35,33.6
1761,20,2025-06-20,13,42.22,39.4
1762,20,2025-06-21,12,45.94,43.2
1763,20,2025-06-22,10,40.49,42.2
1764,20,2025-06-23,12,46.87,43.0
1765,20,2025-06-24,14,39.65,33.1
1766,20,2025-06-25,13,43.63,37.1
1767,20,2025-06-26,11,46.23,37.9
1768,20,2025-06-27,12,43.2,40.2
1769,20,2025-06-28,11,43.37,41.1
1770,20,2025-06-29,9,41.59,33.7
1771,20,2025-06-30,9,43.32,41.7
1772,20,2025-07-01,10,44.71,34.1
1773,20,2025-07-02,11,39.61,35.9
1774,20,2025-07-03,9,45.76,37.6
1775,20,2025-07-04,11,47.39,37.6
1776,20,2025-07-05,11,44.11,34.7
1777,20,2025-07-06,10,45.57,29.8
1778,20,2025-07-07,13,43.38,37.8
1779,20,2025-07-08,10,41.82,34.8
1780,20,2025-07-09,13,41.74,35.4
1781,20,2025-07-10,8,40.98,38.5
1782,20,2025-07-11,14,42.46,35.4
1783,20,2025-07-12,7,43.32,27.9
1784,20,2025-07-13,12,44.24,39.2
1785,20,2025-07-14,10,44.64,41.4
1786,20,2025-07-15,9,46.82,30.2
1787,20,2025-07-16,11,38.72,35.7
1788,20,2025-07-17,9,44.48,37.0
1789,20,2025-07-18,14,43.57,30.8
1790,20,2025-07-19,14,43.23,34.8
1791,20,2025-07-20,9,40.41,32.2
1792,20,2025-07-21,12,43.94,38.5
1793,20,2025-07-22,12,51.86,27.8
1794,20,2025-07-23,10,,34.4
1795,20,2025-07-24,13,41.41,43.5
1796,20,2025-07-25,8,44.21,42.2
1797,20,2025-07-26,10,40.15,28.0
1798,20,2025-07-27,11,44.63,37.2
1799,20,2025-07-28,11,39.91,40.0
1800,20,2025-07-29,12,46.34,29.2
1677,19,2025-06-26,7,55.04,44.8
1529,17,2025-07-28,13,44.24,42.3
465,6,2025-05-15,12,43.36,29.5
1590,18,2025-06-29,10,55.26,54.4
1717,20,2025-05-07,16,46.38,38.1
1691,19,2025-07-10,11,47.64,43.9
1156,13,2025-07-15,6,67.41,66.1
602,7,2025-07-01,10,27.72,16.0
1290,15,2025-05-30,14,43.6,31.1
644,8,2025-05-14,7,79.06,64.8
