log_id,zone_id,date,wind_speed_kmph,visibility_km,precipitation_mm
1,1,2025-05-01,14.4,9.2,0.3
2,1,2025-05-02,8.3,9.0,2.5
3,1,2025-05-03,27.9,10.0,5.5
4,1,2025-05-04,6.8,10.0,0.0
5,1,2025-05-05,12.0,6.5,0.0
6,1,2025-05-06,4.0,9.9,0.0
7,1,2025-05-07,26.2,9.1,0.0
8,1,2025-05-08,6.3,9.6,0.0
9,1,2025-05-09,6.0,9.0,0.0
10,1,2025-05-10,9.9,7.8,3.3
11,1,2025-05-11,17.8,7.6,0.0
12,1,2025-05-12,2.8,9.7,1.5
13,1,2025-05-13,16.9,9.7,0.0
14,1,2025-05-14,9.1,8.9,0.0
15,1,2025-05-15,6.8,10.0,0.1
16,1,2025-05-16,12.7,8.8,7.2
17,1,2025-05-17,5.6,10.0,1.9
18,1,2025-05-18,20.3,10.0,0.0
19,1,2025-05-19,4.8,8.9,0.5
20,1,2025-05-20,6.7,9.1,0.0
21,1,2025-05-21,17.7,10.0,0.0
22,1,2025-05-22,13.1,8.4,0.1
23,1,2025-05-23,9.7,10.0,0.0
24,1,2025-05-24,10.7,9.0,0.0
25,1,2025-05-25,8.4,9.9,1.3
26,1,2025-05-26,5.0,8.6,1.8
27,1,2025-05-27,18.9,9.9,0.0
28,1,2025-05-28,10.8,10.0,3.0
29,1,2025-05-29,5.5,8.9,0.0
30,1,2025-05-30,12.5,9.8,0.0
31,1,2025-05-31,2.6,8.8,0.0
32,1,2025-06-01,8.8,10.0,0.9
33,1,2025-06-02,12.1,9.3,0.0
34,1,2025-06-03,1.3,9.4,0.0
35,1,2025-06-04,10.5,10.0,0.0
36,1,2025-06-05,8.6,9.9,0.0
37,1,2025-06-06,21.7,10.0,1.1
38,1,2025-06-07,25.3,7.3,0.0
39,1,2025-06-08,4.1,8.6,0.3
40,1,2025-06-09,2.2,9.5,0.0
41,1,2025-06-10,4.4,10.0,0.0
42,1,11/06/2025,5.1,8.9,2.7
43,1,2025-06-12,17.7,7.6,0.1
44,1,2025-06-13,2.0,9.7,3.1
45,1,2025-06-14,12.2,10.0,0.0
46,1,2025-06-15,14.6,9.8,1.5
47,1,2025-06-16,5.6,9.7,3.1
48,1,2025-06-17,12.4,8.3,0.0
49,1,2025-06-18,32.5,10.0,0.0
50,1,2025-06-19,4.2,10.0,1.2
51,1,2025-06-20,19.5,10.0,0.2
52,1,2025-06-21,8.2,8.3,0.0
53,1,2025-06-22,9.4,9.9,0.5
54,1,2025-06-23,10.1,10.0,0.0
55,1,2025-06-24,15.7,8.1,0.0
56,1,2025-06-25,3.8,10.0,4.7
57,1,2025-06-26,8.4,10.0,3.8
58,1,2025-06-27,14.1,9.3,2.3
59,1,2025-06-28,,7.1,0.0
60,1,2025-06-29,11.8,7.5,0.9
61,1,2025-06-30,4.6,9.6,7.7
62,1,2025-07-01,10.5,7.7,1.2
63,1,2025-07-02,21.0,10.0,0.0
64,1,2025-07-03,14.5,10.0,3.4
65,1,2025-07-04,14.5,10.0,0.6
66,1,2025-07-05,19.4,10.0,0.0
67,1,2025-07-06,5.1,9.0,0.0
68,1,2025-07-07,40.8,6.6,0.3
69,1,2025-07-08,6.8,10.0,0.0
70,1,2025-07-09,5.4,10.0,0.0
71,1,2025-07-10,10.4,8.4,0.5
72,1,2025-07-11,1.1,9.7,0.0
73,1,2025-07-12,5.0,9.2,5.1
74,1,2025-07-13,14.4,10.0,0.0
75,1,2025-07-14,6.8,8.4,1.0
76,1,2025-07-15,3.1,10.0,1.2
77,1,2025-07-16,37.1,10.0,0.0
78,1,2025-07-17,23.4,8.3,0.0
79,1,2025-07-18,13.8,10.0,0.0
80,1,2025-07-19,4.0,10.0,0.5
81,1,2025-07-20,2.5,10.0,0.0
82,1,2025-07-21,2.5,7.9,0.0
83,1,2025-07-22,14.0,9.5,4.1
84,1,2025-07-23,7.3,10.0,0.0
85,1,2025-07-24,3.1,9.2,5.0
86,1,2025-07-25,15.3,9.8,0.0
87,1,2025-07-26,5.9,8.5,0.0
88,1,2025-07-27,18.1,10.0,1.2
89,1,2025-07-28,12.6,8.2,1.3
90,1,2025-07-29,6.3,9.4,0.0
91,2,2025-05-01,10.9,9.6,2.4
92,2,2025-05-02,8.5,10.0,0.0
93,2,2025-05-03,17.7,10.0,0.0
94,2,2025-05-04,10.2,9.3,4.5
95,2,2025-05-05,9.0,7.6,0.0
96,2,2025-05-06,36.5,10.0,1.6
97,2,2025-05-07,17.5,8.8,0.0
98,2,2025-05-08,4.5,10.0,0.0
99,2,2025-05-09,8.9,9.4,0.4
100,2,2025-05-10,6.2,9.2,0.0
101,2,2025-05-11,6.6,8.1,0.0
102,2,2025-05-12,11.9,6.6,1.9
103,2,2025-05-13,2.6,7.7,1.5
104,2,2025-05-14,8.4,10.0,0.0
105,2,2025-05-15,8.8,8.8,0.0
106,2,2025-05-16,7.9,9.3,1.2
107,2,2025-05-17,4.9,8.6,0.0
108,2,2025-05-18,13.4,9.1,0.0
109,2,2025-05-19,10.1,8.8,0.5
110,2,2025-05-20,14.4,10.0,0.3
111,2,2025-05-21,5.2,10.0,0.0
112,2,2025-05-22,5.0,5.6,0.3
113,2,2025-05-23,6.5,9.3,0.0
114,2,2025-05-24,32.7,7.5,3.3
115,2,2025-05-25,14.3,6.8,3.9
116,2,2025-05-26,32.0,10.0,7.2
117,2,2025-05-27,,6.2,5.5
118,2,2025-05-28,24.6,8.6,0.0
119,2,2025-05-29,23.0,8.8,1.4
120,2,2025-05-30,10.4,8.1,0.0
121,2,2025-05-31,15.6,9.0,0.0
122,2,2025-06-01,14.5,6.5,0.0
123,2,2025-06-02,23.5,10.0,0.0
124,2,2025-06-03,10.9,10.0,2.7
125,2,2025-06-04,30.7,,0.9
126,2,2025-06-05,24.8,10.0,0.0
127,2,2025-06-06,1.6,8.4,0.0
128,2,2025-06-07,,10.0,2.5
129,2,2025-06-08,2.7,6.2,0.0
130,2,2025-06-09,9.6,5.7,0.5
131,2,2025-06-10,9.3,9.3,0.0
132,2,2025-06-11,4.3,8.7,0.7
133,2,2025-06-12,19.4,8.0,0.0
134,2,2025-06-13,5.0,8.6,0.0
135,2,2025-06-14,3.9,10.0,0.0
136,2,2025-06-15,10.3,7.8,2.6
137,2,2025-06-16,11.8,8.6,1.8
138,2,2025-06-17,8.4,8.0,0.0
139,2,2025-06-18,6.2,6.5,0.0
140,2,2025-06-19,24.8,9.7,0.0
141,2,2025-06-20,,8.6,0.0
142,2,2025-06-21,4.3,7.7,0.0
143,2,2025-06-22,2.5,7.8,0.0
144,2,2025-06-23,3.7,10.0,1.6
145,2,2025-06-24,18.5,8.9,0.3
146,2,2025-06-25,4.7,7.2,0.0
147,2,2025-06-26,8.6,10.0,0.0
148,2,2025-06-27,2.6,9.6,0.0
149,2,2025-06-28,5.8,8.1,0.0
150,2,2025-06-29,10.4,7.6,6.6
151,2,2025-06-30,8.3,7.4,2.5
152,2,2025-07-01,6.2,9.9,0.7
153,2,2025-07-02,10.8,9.9,0.0
154,2,2025-07-03,5.7,9.7,0.0
155,2,2025-07-04,1.9,8.9,0.4
156,2,2025-07-05,15.8,6.3,0.0
157,2,2025-07-06,5.8,8.9,0.0
158,2,2025-07-07,20.0,7.9,0.8
159,2,2025-07-08,14.7,10.0,0.0
160,2,2025-07-09,15.2,8.5,5.2
161,2,2025-07-10,13.2,7.9,0.0
162,2,2025-07-11,10.7,8.6,2.2
163,2,2025-07-12,12.8,8.2,0.0
164,2,2025-07-13,13.4,8.2,0.0
165,2,2025-07-14,18.4,8.3,1.9
166,2,2025-07-15,1.1,7.3,0.0
167,2,2025-07-16,10.1,10.0,3.1
168,2,2025-07-17,17.9,5.5,0.5
169,2,2025-07-18,2.4,10.0,1.7
170,2,2025-07-19,15.7,10.0,1.6
171,2,2025-07-20,6.8,7.5,1.2
172,2,2025-07-21,10.6,8.1,2.7
173,2,2025-07-22,20.4,8.0,2.2
174,2,2025-07-23,8.1,7.3,0.0
175,2,2025-07-24,17.1,7.4,0.5
176,2,2025-07-25,13.6,10.0,0.0
177,2,2025-07-26,1.6,10.0,4.4
178,2,2025-07-27,12.3,7.1,0.4
179,2,2025-07-28,10.9,9.9,3.6
180,2,2025-07-29,,9.5,0.4
181,3,2025-05-01,28.1,8.3,3.7
182,3,2025-05-02,4.1,,2.2
183,3,2025-05-03,10.4,10.0,0.0
184,3,2025-05-04,8.8,8.5,0.0
185,3,2025-05-05,4.0,6.6,3.5
186,3,2025-05-06,,7.2,0.0
187,3,2025-05-07,8.1,6.8,0.0
188,3,2025-05-08,9.6,10.0,0.0
189,3,2025-05-09,21.5,8.7,0.0
190,3,2025-05-10,46.1,9.2,1.3
191,3,2025-05-11,11.6,8.9,0.0
192,3,2025-05-12,9.7,8.3,0.0
193,3,2025-05-13,8.2,10.0,0.0
194,3,2025-05-14,23.1,6.0,0.0
195,3,2025-05-15,2.6,7.9,0.0
196,3,2025-05-16,19.1,10.0,0.0
197,3,2025-05-17,16.7,7.4,0.0
198,3,2025-05-18,6.5,9.8,0.0
199,3,2025-05-19,8.3,8.5,2.4
200,3,2025-05-20,7.5,10.0,0.0
201,3,2025-05-21,15.3,8.6,0.0
202,3,2025-05-22,12.7,7.2,3.0
203,3,2025-05-23,6.5,10.0,0.0
204,3,2025-05-24,2.1,10.0,0.0
205,3,2025-05-25,1.0,10.0,4.4
206,3,2025-05-26,6.3,9.7,0.0
207,3,2025-05-27,10.9,9.3,0.0
208,3,2025-05-28,12.6,6.5,0.0
209,3,2025-05-29,11.4,8.8,0.0
210,3,2025-05-30,6.4,7.9,3.4
211,3,2025-05-31,11.6,7.6,0.1
212,3,2025-06-01,20.3,9.8,0.0
213,3,2025-06-02,12.1,10.0,0.7
214,3,2025-06-03,1.4,7.2,0.0
215,3,2025-06-04,14.6,8.0,0.3
216,3,2025-06-05,6.0,7.0,0.0
217,3,2025-06-06,4.2,10.0,0.0
218,3,2025-06-07,14.3,9.4,0.0
219,3,2025-06-08,6.2,9.3,0.3
220,3,2025-06-09,21.8,8.0,0.0
221,3,2025-06-10,9.7,10.0,0.0
222,3,2025-06-11,16.5,8.3,0.9
223,3,2025-06-12,15.6,6.7,0.0
224,3,2025-06-13,9.4,10.0,0.1
225,3,2025-06-14,13.2,10.0,0.7
226,3,2025-06-15,18.0,9.8,0.0
227,3,2025-06-16,13.7,9.4,0.2
228,3,17/06/2025,3.7,10.0,5.6
229,3,2025-06-18,9.7,10.0,2.2
230,3,2025-06-19,19.2,8.3,0.3
231,3,2025-06-20,7.0,8.6,0.9
232,3,2025-06-21,23.2,7.8,0.0
233,3,2025-06-22,25.9,9.4,0.5
234,3,2025-06-23,12.2,10.0,0.0
235,3,2025-06-24,10.7,10.0,1.7
236,3,2025-06-25,6.5,10.0,0.5
237,3,2025-06-26,6.9,10.0,1.2
238,3,2025-06-27,7.1,8.7,0.0
239,3,2025-06-28,4.1,7.9,0.0
240,3,2025-06-29,9.7,9.5,0.8
241,3,2025-06-30,19.7,8.8,0.0
242,3,2025-07-01,13.3,9.3,0.4
243,3,2025-07-02,14.3,8.1,0.0
244,3,2025-07-03,6.4,8.1,0.0
245,3,2025-07-04,22.3,10.0,0.9
246,3,2025-07-05,6.2,8.3,0.0
247,3,2025-07-06,15.7,10.0,0.0
248,3,2025-07-07,31.4,8.2,2.9
249,3,2025-07-08,7.3,9.5,0.6
250,3,2025-07-09,12.8,8.8,0.0
251,3,2025-07-10,5.0,9.1,0.0
252,3,2025-07-11,31.3,8.3,2.3
253,3,2025-07-12,11.8,10.0,2.0
254,3,2025-07-13,6.4,10.0,0.0
255,3,2025-07-14,32.2,10.0,2.3
256,3,2025-07-15,21.3,10.0,0.9
257,3,2025-07-16,14.5,10.0,0.0
258,3,2025-07-17,15.9,8.8,0.0
259,3,2025-07-18,11.2,9.7,2.1
260,3,2025-07-19,7.3,9.4,0.5
261,3,2025-07-20,10.4,10.0,1.5
262,3,2025-07-21,37.9,9.5,5.1
263,3,2025-07-22,27.9,10.0,0.0
264,3,2025-07-23,11.5,8.4,0.0
265,3,2025-07-24,11.6,9.3,0.0
266,3,2025-07-25,5.5,8.3,1.3
267,3,2025-07-26,13.2,10.0,0.8
268,3,2025-07-27,9.5,6.9,0.0
269,3,2025-07-28,4.0,10.0,0.8
270,3,2025-07-29,3.0,10.0,0.0
271,4,2025-05-01,15.9,9.6,0.5
272,4,2025-05-02,5.5,9.3,0.0
273,4,2025-05-03,13.0,7.8,2.5
274,4,2025-05-04,25.9,10.0,1.4
275,4,2025-05-05,14.0,10.0,0.0
276,4,2025-05-06,24.2,10.0,1.7
277,4,2025-05-07,16.6,8.7,0.0
278,4,2025-05-08,31.4,9.9,0.0
279,4,09/05/2025,5.6,9.0,0.0
280,4,2025-05-10,1.3,9.0,0.3
281,4,2025-05-11,0.5,10.0,1.5
282,4,2025-05-12,13.7,8.2,0.0
283,4,2025-05-13,9.6,,0.4
284,4,2025-05-14,3.4,9.4,0.0
285,4,2025-05-15,10.2,9.3,0.0
286,4,2025-05-16,5.6,8.2,0.2
287,4,2025-05-17,8.0,8.8,0.0
288,4,2025-05-18,15.1,10.0,0.0
289,4,2025-05-19,19.0,9.8,1.0
290,4,2025-05-20,5.8,10.0,0.0
291,4,2025-05-21,15.8,10.0,0.0
292,4,2025-05-22,11.6,10.0,0.0
293,4,2025-05-23,11.6,8.7,2.6
294,4,2025-05-24,6.7,10.0,0.7
295,4,2025-05-25,6.2,10.0,0.0
296,4,2025-05-26,13.8,9.8,0.0
297,4,2025-05-27,11.0,9.3,2.6
298,4,2025-05-28,1.8,9.0,0.0
299,4,2025-05-29,27.8,10.0,0.0
300,4,2025-05-30,,10.0,3.1
301,4,2025-05-31,9.7,10.0,3.4
302,4,2025-06-01,2.1,10.0,1.1
303,4,2025-06-02,25.0,10.0,0.0
304,4,2025-06-03,12.2,9.7,0.0
305,4,2025-06-04,22.1,10.0,0.0
306,4,2025-06-05,7.4,8.0,0.0
307,4,2025-06-06,3.0,10.0,0.0
308,4,2025-06-07,9.6,10.0,0.0
309,4,2025-06-08,10.6,7.8,2.0
310,4,2025-06-09,2.1,9.1,1.0
311,4,2025-06-10,7.5,,1.2
312,4,2025-06-11,7.7,10.0,1.8
313,4,2025-06-12,20.3,10.0,0.0
314,4,2025-06-13,,9.6,4.0
315,4,2025-06-14,16.8,9.6,0.0
316,4,2025-06-15,18.9,10.0,0.0
317,4,2025-06-16,36.5,9.5,0.0
318,4,2025-06-17,21.3,8.1,0.7
319,4,2025-06-18,5.9,10.0,0.0
320,4,2025-06-19,18.4,10.0,0.8
321,4,2025-06-20,42.6,9.6,0.2
322,4,2025-06-21,21.2,10.0,0.7
323,4,2025-06-22,28.7,8.0,0.6
324,4,2025-06-23,9.5,10.0,1.6
325,4,2025-06-24,28.4,10.0,0.0
326,4,2025-06-25,225.7470404255136,,1.4
327,4,2025-06-26,7.9,10.0,0.0
328,4,2025-06-27,8.7,9.7,0.0
329,4,2025-06-28,28.1,8.4,0.0
330,4,2025-06-29,5.8,7.7,0.0
331,4,2025-06-30,28.9,10.0,0.0
332,4,2025-07-01,19.7,9.2,0.0
333,4,2025-07-02,2.6,7.2,0.0
334,4,2025-07-03,25.0,10.0,1.0
335,4,2025-07-04,17.1,10.0,3.7
336,4,2025-07-05,5.2,9.3,0.0
337,4,2025-07-06,4.1,8.0,0.0
338,4,2025-07-07,18.9,7.3,0.0
339,4,2025-07-08,4.2,9.4,0.8
340,4,2025-07-09,10.8,7.7,0.0
341,4,2025-07-10,13.8,10.0,0.0
342,4,2025-07-11,24.7,9.9,1.9
343,4,2025-07-12,14.8,8.6,0.4
344,4,2025-07-13,5.7,7.8,1.5
345,4,2025-07-14,5.5,9.3,0.7
346,4,2025-07-15,23.1,8.4,0.3
347,4,2025-07-16,37.5,10.0,0.0
348,4,2025-07-17,13.6,9.8,0.4
349,4,2025-07-18,8.9,8.9,0.3
350,4,2025-07-19,2.7,8.5,0.0
351,4,2025-07-20,28.8,10.0,0.0
352,4,2025-07-21,28.7,8.8,0.0
353,4,2025-07-22,4.0,9.8,0.0
354,4,2025-07-23,5.1,10.0,2.7
355,4,2025-07-24,2.1,6.7,0.0
356,4,2025-07-25,13.2,10.0,0.0
357,4,2025-07-26,13.6,10.0,0.0
358,4,2025-07-27,10.6,10.0,0.0
359,4,2025-07-28,2.6,8.6,0.7
360,4,2025-07-29,23.0,8.1,8.3
361,5,2025-05-01,7.7,10.0,0.0
362,5,2025-05-02,11.1,9.1,0.0
363,5,2025-05-03,7.8,9.9,0.0
364,5,2025-05-04,19.4,7.6,0.0
365,5,2025-05-05,2.8,6.0,0.0
366,5,2025-05-06,14.5,9.4,3.5
367,5,2025-05-07,44.4,8.9,0.0
368,5,2025-05-08,,9.2,1.6
369,5,2025-05-09,12.7,8.5,0.0
370,5,2025-05-10,5.2,8.8,0.5
371,5,2025-05-11,9.9,8.8,0.4
372,5,2025-05-12,17.8,8.8,0.0
373,5,2025-05-13,2.9,7.9,0.0
374,5,2025-05-14,8.6,8.9,5.3
375,5,2025-05-15,14.7,8.9,0.0
376,5,2025-05-16,1.2,7.0,0.4
377,5,2025-05-17,15.4,8.5,0.0
378,5,2025-05-18,,8.3,0.0
379,5,2025-05-19,6.0,8.3,0.0
380,5,2025-05-20,11.3,8.8,0.4
381,5,2025-05-21,19.3,6.6,0.0
382,5,2025-05-22,2.7,8.5,0.0
383,5,2025-05-23,14.8,9.9,0.0
384,5,2025-05-24,6.2,4.9,0.0
385,5,2025-05-25,6.3,9.4,0.0
386,5,2025-05-26,9.9,9.7,0.1
387,5,2025-05-27,22.4,8.6,0.0
388,5,2025-05-28,6.9,7.5,0.0
389,5,2025-05-29,2.7,6.4,1.6
390,5,2025-05-30,5.7,10.0,0.0
391,5,2025-05-31,16.2,8.1,3.1
392,5,2025-06-01,37.7,7.9,3.0
393,5,2025-06-02,23.9,10.0,0.0
394,5,2025-06-03,14.0,7.8,0.8
395,5,2025-06-04,7.4,9.1,0.0
396,5,2025-06-05,2.8,7.3,1.5
397,5,2025-06-06,3.9,9.6,0.0
398,5,2025-06-07,22.3,9.9,0.0
399,5,2025-06-08,19.9,7.7,0.0
400,5,2025-06-09,7.7,8.4,1.5
401,5,2025-06-10,14.0,10.0,5.4
402,5,2025-06-11,5.8,10.0,0.3
403,5,2025-06-12,27.1,9.6,0.6
404,5,2025-06-13,7.4,7.5,0.0
405,5,2025-06-14,3.9,5.9,0.4
406,5,2025-06-15,8.4,8.4,0.6
407,5,2025-06-16,18.3,7.9,2.2
408,5,2025-06-17,8.8,9.2,0.0
409,5,2025-06-18,14.3,9.9,0.6
410,5,2025-06-19,11.5,6.9,4.0
411,5,2025-06-20,,7.8,0.0
412,5,2025-06-21,23.0,8.8,0.1
413,5,2025-06-22,12.0,10.0,0.2
414,5,2025-06-23,17.0,9.4,1.4
415,5,2025-06-24,9.0,7.0,0.0
416,5,2025-06-25,8.5,7.5,0.0
417,5,2025-06-26,29.3,9.4,0.0
418,5,2025-06-27,22.4,7.9,0.0
419,5,2025-06-28,5.1,9.8,0.0
420,5,2025-06-29,4.6,8.1,2.7
421,5,2025-06-30,30.2,8.2,0.3
422,5,2025-07-01,2.5,6.2,0.0
423,5,2025-07-02,2.2,10.0,0.0
424,5,2025-07-03,6.3,10.0,0.0
425,5,2025-07-04,27.3,10.0,0.4
426,5,2025-07-05,20.2,9.7,2.0
427,5,2025-07-06,4.9,8.8,0.0
428,5,2025-07-07,16.4,10.0,0.0
429,5,2025-07-08,3.5,8.5,0.0
430,5,2025-07-09,9.4,8.6,1.2
431,5,2025-07-10,4.0,10.0,1.6
432,5,2025-07-11,8.3,7.4,0.0
433,5,2025-07-12,32.9,10.0,0.0
434,5,2025-07-13,11.1,6.1,4.1
435,5,2025-07-14,6.8,6.4,2.2
436,5,2025-07-15,14.5,8.0,0.0
437,5,2025-07-16,9.8,10.0,1.1
438,5,2025-07-17,6.0,9.5,0.0
439,5,2025-07-18,17.2,10.0,0.0
440,5,2025-07-19,9.2,8.5,0.0
441,5,2025-07-20,8.3,9.4,1.3
442,5,2025-07-21,26.6,8.4,0.0
443,5,2025-07-22,,10.0,3.1
444,5,2025-07-23,10.5,9.6,0.0
445,5,2025-07-24,2.1,8.0,6.5
446,5,2025-07-25,17.5,6.9,0.2
447,5,2025-07-26,14.1,8.7,0.0
448,5,2025-07-27,5.3,7.6,0.1
449,5,2025-07-28,4.0,8.9,1.1
450,5,2025-07-29,11.4,8.2,0.0
451,6,2025-05-01,3.8,5.2,4.3
452,6,2025-05-02,13.8,10.0,0.0
453,6,2025-05-03,15.6,10.0,0.0
454,6,2025-05-04,8.6,10.0,1.6
455,6,2025-05-05,5.8,8.4,0.0
456,6,2025-05-06,11.0,10.0,2.7
457,6,2025-05-07,7.9,7.2,1.5
458,6,2025-05-08,18.5,9.4,0.0
459,6,2025-05-09,12.5,8.4,0.0
460,6,2025-05-10,10.9,7.4,1.6
461,6,2025-05-11,32.7,10.0,0.0
462,6,2025-05-12,10.5,10.0,0.9
463,6,2025-05-13,5.8,10.0,3.2
464,6,2025-05-14,7.6,8.9,3.0
465,6,2025-05-15,4.3,10.0,0.4
466,6,2025-05-16,10.2,10.0,0.0
467,6,2025-05-17,3.8,10.0,0.0
468,6,2025-05-18,22.3,10.0,2.9
469,6,2025-05-19,11.6,9.0,2.4
470,6,2025-05-20,11.4,10.0,0.0
471,6,2025-05-21,24.1,9.4,0.0
472,6,2025-05-22,23.8,9.5,0.0
473,6,2025-05-23,18.0,10.0,0.0
474,6,2025-05-24,7.3,8.2,1.3
475,6,2025-05-25,22.7,10.0,2.2
476,6,2025-05-26,13.5,9.5,0.0
477,6,2025-05-27,3.4,10.0,0.0
478,6,2025-05-28,12.4,9.2,2.1
479,6,2025-05-29,18.4,7.5,0.0
480,6,2025-05-30,4.1,8.5,0.0
481,6,2025-05-31,14.5,9.8,1.4
482,6,2025-06-01,15.8,10.0,3.3
483,6,2025-06-02,16.2,10.0,0.0
484,6,2025-06-03,21.3,9.4,0.0
485,6,2025-06-04,6.4,9.4,3.5
486,6,2025-06-05,16.6,8.9,3.3
487,6,2025-06-06,16.9,10.0,5.1
488,6,2025-06-07,4.4,10.0,0.0
489,6,2025-06-08,13.1,10.0,0.0
490,6,2025-06-09,9.9,9.1,0.3
491,6,2025-06-10,3.9,7.9,0.0
492,6,2025-06-11,19.3,10.0,0.0
493,6,2025-06-12,,9.3,0.0
494,6,2025-06-13,10.6,10.0,2.1
495,6,2025-06-14,4.4,9.9,3.3
496,6,2025-06-15,19.6,10.0,0.2
497,6,2025-06-16,0.3,10.0,0.0
498,6,2025-06-17,14.5,10.0,0.0
499,6,2025-06-18,28.4,10.0,0.9
500,6,2025-06-19,10.6,7.1,0.0
501,6,2025-06-20,8.7,9.6,0.5
502,6,2025-06-21,29.7,8.4,0.0
503,6,2025-06-22,2.9,8.9,5.6
504,6,2025-06-23,5.5,7.4,0.4
505,6,2025-06-24,9.4,9.7,0.0
506,6,2025-06-25,2.4,9.1,1.7
507,6,2025-06-26,5.2,6.7,3.9
508,6,2025-06-27,10.9,9.9,0.0
509,6,2025-06-28,5.2,10.0,0.0
510,6,2025-06-29,10.2,8.5,0.0
511,6,2025-06-30,2.3,10.0,0.4
512,6,2025-07-01,14.5,8.8,0.0
513,6,2025-07-02,11.2,10.0,0.0
514,6,2025-07-03,18.7,6.3,0.0
515,6,2025-07-04,5.4,,0.0
516,6,2025-07-05,10.6,9.8,0.8
517,6,2025-07-06,13.8,9.4,0.5
518,6,2025-07-07,10.1,10.0,1.1
519,6,2025-07-08,12.4,7.8,0.0
520,6,2025-07-09,10.9,9.4,0.2
521,6,2025-07-10,1.4,9.8,0.0
522,6,2025-07-11,4.0,10.0,0.9
523,6,2025-07-12,13.7,7.8,0.0
524,6,2025-07-13,18.9,10.0,2.0
525,6,2025-07-14,8.2,9.3,0.0
526,6,2025-07-15,17.7,10.0,0.9
527,6,2025-07-16,1.9,7.9,0.0
528,6,2025-07-17,7.1,9.1,0.0
529,6,2025-07-18,17.3,10.0,0.0
530,6,2025-07-19,25.2,7.0,0.8
531,6,2025-07-20,5.0,7.7,7.4
532,6,2025-07-21,6.1,8.3,0.0
533,6,2025-07-22,13.7,10.0,0.0
534,6,2025-07-23,10.0,9.4,0.0
535,6,2025-07-24,7.4,9.2,0.0
536,6,2025-07-25,28.2,10.0,0.3
537,6,2025-07-26,7.6,9.4,0.0
538,6,2025-07-27,13.9,7.8,0.1
539,6,2025-07-28,11.1,10.0,0.0
540,6,2025-07-29,14.4,8.4,0.0
541,7,2025-05-01,5.9,6.3,0.2
542,7,2025-05-02,17.0,10.0,0.0
543,7,2025-05-03,4.4,10.0,0.4
544,7,2025-05-04,34.1,8.6,0.0
545,7,2025-05-05,9.2,9.6,0.0
546,7,2025-05-06,14.1,9.7,0.0
547,7,2025-05-07,7.3,10.0,4.3
548,7,2025-05-08,7.4,9.8,0.0
549,7,2025-05-09,9.8,6.6,0.0
550,7,2025-05-10,23.3,8.4,0.0
551,7,2025-05-11,24.9,10.0,6.4
552,7,2025-05-12,11.8,10.0,0.2
553,7,2025-05-13,15.9,9.0,2.3
554,7,2025-05-14,8.9,10.0,0.5
555,7,2025-05-15,9.9,8.7,1.1
556,7,2025-05-16,5.1,9.9,0.0
557,7,2025-05-17,,10.0,4.8
558,7,2025-05-18,19.3,,0.0
559,7,2025-05-19,16.7,10.0,0.0
560,7,2025-05-20,17.6,10.0,1.4
561,7,2025-05-21,13.0,10.0,0.0
562,7,2025-05-22,8.8,8.1,0.0
563,7,2025-05-23,5.0,8.8,4.4
564,7,2025-05-24,1.3,9.6,0.0
565,7,2025-05-25,16.0,10.0,0.0
566,7,2025-05-26,2.0,8.1,0.0
567,7,2025-05-27,17.9,9.0,0.0
568,7,2025-05-28,15.8,7.4,0.4
569,7,2025-05-29,24.7,7.3,2.9
570,7,2025-05-30,11.5,9.6,0.0
571,7,2025-05-31,6.7,10.0,0.1
572,7,2025-06-01,,9.8,0.0
573,7,2025-06-02,,8.2,0.5
574,7,2025-06-03,7.2,8.0,0.0
575,7,2025-06-04,21.4,8.8,2.2
576,7,2025-06-05,11.3,10.0,0.0
577,7,2025-06-06,4.7,7.2,2.2
578,7,2025-06-07,4.9,9.6,0.0
579,7,2025-06-08,11.6,9.8,0.0
580,7,2025-06-09,9.2,5.6,0.5
581,7,2025-06-10,9.0,10.0,5.3
582,7,2025-06-11,23.0,,0.0
583,7,2025-06-12,11.6,10.0,0.0
584,7,2025-06-13,22.5,9.3,0.0
585,7,2025-06-14,15.4,8.4,0.0
586,7,2025-06-15,3.2,8.6,2.0
587,7,2025-06-16,26.0,10.0,0.0
588,7,2025-06-17,3.5,10.0,0.4
589,7,2025-06-18,3.8,9.8,1.2
590,7,2025-06-19,4.5,7.5,1.0
591,7,2025-06-20,28.9,8.8,0.0
592,7,2025-06-21,15.4,9.3,0.0
593,7,2025-06-22,4.1,8.9,0.0
594,7,2025-06-23,4.1,10.0,0.0
595,7,2025-06-24,17.4,9.3,0.8
596,7,2025-06-25,14.9,10.0,0.0
597,7,2025-06-26,,10.0,0.0
598,7,2025-06-27,15.3,9.4,0.0
599,7,2025-06-28,27.4,9.5,2.3
600,7,2025-06-29,10.4,9.5,1.5
601,7,2025-06-30,12.0,6.8,0.0
602,7,2025-07-01,4.9,9.1,1.3
603,7,2025-07-02,1.9,9.3,5.1
604,7,2025-07-03,11.9,7.4,0.0
605,7,2025-07-04,5.9,10.0,0.2
606,7,2025-07-05,15.0,10.0,0.0
607,7,2025-07-06,21.7,8.0,3.5
608,7,2025-07-07,3.1,10.0,1.0
609,7,2025-07-08,9.4,8.0,0.0
610,7,2025-07-09,2.0,9.5,0.8
611,7,2025-07-10,8.6,8.7,0.0
612,7,2025-07-11,0.8,10.0,0.0
613,7,2025-07-12,2.5,8.9,2.2
614,7,2025-07-13,7.0,10.0,0.0
615,7,2025-07-14,2.0,9.9,0.3
616,7,2025-07-15,11.5,8.3,0.0
617,7,2025-07-16,13.7,9.3,0.0
618,7,2025-07-17,31.5,9.0,0.5
619,7,2025-07-18,4.3,10.0,1.5
620,7,2025-07-19,7.8,9.2,0.0
621,7,2025-07-20,3.1,10.0,2.3
622,7,2025-07-21,6.8,9.6,0.0
623,7,2025-07-22,36.7,8.9,0.0
624,7,2025-07-23,16.9,9.0,0.0
625,7,2025-07-24,5.8,10.0,1.3
626,7,2025-07-25,1.4,10.0,0.0
627,7,2025-07-26,1.2,10.0,0.0
628,7,2025-07-27,10.1,7.8,0.0
629,7,2025-07-28,7.2,10.0,0.2
630,7,2025-07-29,34.5,6.9,1.3
631,8,2025-05-01,4.5,7.7,4.4
632,8,2025-05-02,8.6,10.0,0.0
633,8,2025-05-03,2.4,9.7,0.0
634,8,2025-05-04,18.6,9.1,0.0
635,8,2025-05-05,11.6,10.0,1.4
636,8,2025-05-06,3.8,7.0,0.0
637,8,2025-05-07,12.7,10.0,0.0
638,8,2025-05-08,6.7,8.7,5.7
639,8,2025-05-09,10.3,8.1,0.0
640,8,2025-05-10,3.7,10.0,1.2
641,8,2025-05-11,3.5,7.1,0.0
642,8,2025-05-12,5.6,9.0,0.0
643,8,2025-05-13,14.0,8.8,0.3
644,8,2025-05-14,,9.8,1.0
645,8,2025-05-15,5.0,10.0,4.6
646,8,2025-05-16,25.3,10.0,0.0
647,8,2025-05-17,2.3,9.1,0.0
648,8,2025-05-18,12.1,10.0,2.0
649,8,2025-05-19,8.6,9.2,3.6
650,8,2025-05-20,31.3,10.0,0.0
651,8,2025-05-21,13.6,8.9,0.0
652,8,2025-05-22,3.7,10.0,1.1
653,8,2025-05-23,17.3,9.7,0.0
654,8,2025-05-24,16.1,10.0,0.0
655,8,2025-05-25,18.1,7.4,0.9
656,8,2025-05-26,7.5,10.0,0.0
657,8,2025-05-27,10.4,10.0,0.0
658,8,2025-05-28,13.6,6.5,0.0
659,8,2025-05-29,21.1,9.0,0.0
660,8,2025-05-30,4.7,10.0,0.0
661,8,2025-05-31,15.6,10.0,3.2
662,8,2025-06-01,12.2,9.1,0.1
663,8,2025-06-02,11.2,8.2,0.4
664,8,2025-06-03,2.8,8.8,0.0
665,8,2025-06-04,27.2,,0.8
666,8,2025-06-05,1.7,9.5,4.3
667,8,2025-06-06,6.3,10.0,0.0
668,8,2025-06-07,25.9,9.1,0.0
669,8,2025-06-08,12.2,10.0,0.0
670,8,2025-06-09,9.6,9.4,1.2
671,8,2025-06-10,4.4,6.9,0.0
672,8,2025-06-11,4.4,9.6,0.0
673,8,2025-06-12,,10.0,0.4
674,8,2025-06-13,10.5,8.9,0.3
675,8,2025-06-14,8.0,7.8,0.0
676,8,2025-06-15,17.9,10.0,1.0
677,8,2025-06-16,3.5,8.0,0.3
678,8,2025-06-17,4.4,10.0,0.0
679,8,2025-06-18,12.9,10.0,0.0
680,8,2025-06-19,22.1,7.4,0.0
681,8,2025-06-20,14.5,10.0,0.0
682,8,2025-06-21,7.6,9.7,0.0
683,8,2025-06-22,8.7,9.5,0.0
684,8,2025-06-23,17.9,10.0,0.5
685,8,2025-06-24,25.0,8.9,0.0
686,8,2025-06-25,12.2,8.5,0.0
687,8,2025-06-26,5.5,9.6,1.1
688,8,2025-06-27,5.4,8.8,4.6
689,8,2025-06-28,12.0,10.0,3.9
690,8,2025-06-29,14.1,10.0,1.2
691,8,2025-06-30,3.2,8.6,0.0
692,8,2025-07-01,10.3,10.0,0.0
693,8,2025-07-02,41.8,10.0,1.6
694,8,2025-07-03,16.7,7.7,0.9
695,8,2025-07-04,16.4,10.0,4.0
696,8,2025-07-05,5.2,8.9,0.0
697,8,2025-07-06,18.2,9.7,0.0
698,8,2025-07-07,1.3,9.0,0.6
699,8,2025-07-08,25.9,9.3,0.0
700,8,2025-07-09,8.0,10.0,1.9
701,8,2025-07-10,12.9,9.2,0.0
702,8,2025-07-11,,10.0,0.0
703,8,2025-07-12,23.1,10.0,0.0
704,8,2025-07-13,14.9,9.5,0.0
705,8,2025-07-14,12.8,9.4,0.1
706,8,2025-07-15,4.7,10.0,0.8
707,8,2025-07-16,7.8,10.0,0.0
708,8,2025-07-17,,10.0,0.0
709,8,2025-07-18,4.4,9.1,0.0
710,8,2025-07-19,7.9,10.0,0.0
711,8,2025-07-20,18.9,8.6,0.0
712,8,2025-07-21,3.1,10.0,0.0
713,8,2025-07-22,13.7,7.6,0.0
714,8,2025-07-23,6.2,10.0,0.0
715,8,2025-07-24,36.5,10.0,0.9
716,8,2025-07-25,13.3,5.7,2.6
717,8,2025-07-26,10.0,8.2,0.4
718,8,2025-07-27,,8.4,0.9
719,8,2025-07-28,7.2,10.0,0.0
720,8,2025-07-29,8.3,9.3,1.6
721,9,2025-05-01,9.6,10.0,0.5
722,9,2025-05-02,3.6,9.7,2.1
723,9,2025-05-03,30.7,9.2,0.0
724,9,2025-05-04,22.8,7.3,2.4
725,9,2025-05-05,8.5,8.0,0.0
726,9,2025-05-06,9.5,9.2,0.0
727,9,2025-05-07,10.5,10.0,5.4
728,9,2025-05-08,0.7,8.3,0.0
729,9,2025-05-09,11.7,6.4,0.0
730,9,2025-05-10,,8.3,0.0
731,9,2025-05-11,8.6,10.0,1.0
732,9,2025-05-12,,10.0,0.0
733,9,2025-05-13,3.5,10.0,0.1
734,9,2025-05-14,16.1,9.9,1.5
735,9,2025-05-15,26.0,9.4,0.0
736,9,2025-05-16,25.4,10.0,0.0
737,9,2025-05-17,16.4,9.7,3.3
738,9,2025-05-18,14.0,10.0,2.9
739,9,2025-05-19,20.8,7.7,0.0
740,9,2025-05-20,13.4,8.0,0.0
741,9,2025-05-21,,8.7,3.3
742,9,2025-05-22,2.6,7.9,2.0
743,9,2025-05-23,27.0,8.3,0.9
744,9,2025-05-24,18.2,9.5,0.0
745,9,2025-05-25,14.9,10.0,0.0
746,9,2025-05-26,4.3,10.0,1.9
747,9,2025-05-27,3.2,8.2,0.0
748,9,2025-05-28,15.2,7.7,0.0
749,9,2025-05-29,1.2,9.8,0.0
750,9,2025-05-30,2.1,10.0,2.9
751,9,2025-05-31,7.8,9.8,0.0
752,9,2025-06-01,12.7,10.0,2.4
753,9,2025-06-02,15.5,7.7,0.0
754,9,2025-06-03,8.2,9.8,0.0
755,9,2025-06-04,25.7,10.0,1.4
756,9,2025-06-05,24.2,9.8,0.2
757,9,2025-06-06,21.1,9.6,0.2
758,9,2025-06-07,20.5,8.7,1.0
759,9,2025-06-08,210.1514361473617,10.0,3.8
760,9,2025-06-09,2.6,9.8,0.0
761,9,2025-06-10,15.7,10.0,0.0
762,9,2025-06-11,34.1,8.5,0.0
763,9,2025-06-12,34.2,9.3,0.6
764,9,2025-06-13,5.3,8.5,0.3
765,9,2025-06-14,15.0,7.9,0.7
766,9,2025-06-15,7.6,9.8,1.5
767,9,2025-06-16,27.5,10.0,1.7
768,9,2025-06-17,10.3,10.0,0.0
769,9,2025-06-18,12.0,7.5,3.6
770,9,2025-06-19,,10.0,0.0
771,9,2025-06-20,9.4,8.6,0.4
772,9,2025-06-21,3.6,10.0,2.8
773,9,2025-06-22,15.7,8.0,1.7
774,9,2025-06-23,12.1,10.0,0.0
775,9,2025-06-24,6.5,9.0,1.9
776,9,2025-06-25,8.5,8.1,0.0
777,9,2025-06-26,8.7,6.9,0.0
778,9,2025-06-27,8.1,8.9,1.3
779,9,2025-06-28,9.5,10.0,1.7
780,9,2025-06-29,3.3,7.7,0.0
781,9,2025-06-30,5.1,7.3,0.0
782,9,2025-07-01,15.4,8.4,0.0
783,9,2025-07-02,9.8,8.0,0.2
784,9,2025-07-03,7.5,9.7,0.0
785,9,2025-07-04,13.0,7.7,0.0
786,9,2025-07-05,9.4,8.0,2.0
787,9,2025-07-06,9.1,8.3,1.1
788,9,2025-07-07,32.0,10.0,2.5
789,9,2025-07-08,13.4,6.4,7.6
790,9,2025-07-09,8.0,10.0,0.0
791,9,2025-07-10,9.6,10.0,2.1
792,9,2025-07-11,19.3,8.7,0.0
793,9,2025-07-12,27.6,8.8,0.0
794,9,2025-07-13,33.2,10.0,0.6
795,9,2025-07-14,12.5,7.0,0.7
796,9,2025-07-15,11.8,7.6,0.0
797,9,2025-07-16,6.0,8.4,0.0
798,9,2025-07-17,3.7,9.6,1.7
799,9,2025-07-18,5.4,8.9,2.2
800,9,2025-07-19,6.4,10.0,0.0
801,9,2025-07-20,13.5,8.8,0.0
802,9,2025-07-21,14.7,10.0,0.0
803,9,2025-07-22,,8.4,0.0
804,9,2025-07-23,4.4,8.2,3.3
805,9,2025-07-24,0.8,6.1,0.0
806,9,2025-07-25,6.6,8.5,2.0
807,9,2025-07-26,25.1,9.5,0.4
808,9,2025-07-27,14.5,10.0,0.0
809,9,2025-07-28,30.2,9.2,0.0
810,9,2025-07-29,7.1,8.4,0.4
811,10,2025-05-01,12.8,8.3,1.7
812,10,2025-05-02,3.6,8.1,1.5
813,10,2025-05-03,13.0,10.0,3.8
814,10,2025-05-04,32.2,9.1,1.5
815,10,2025-05-05,23.8,8.7,5.0
816,10,2025-05-06,9.5,,0.4
817,10,2025-05-07,11.8,10.0,4.4
818,10,2025-05-08,6.9,7.6,0.0
819,10,2025-05-09,19.4,10.0,7.7
820,10,2025-05-10,26.3,8.0,0.0
821,10,2025-05-11,,10.0,4.0
822,10,2025-05-12,6.8,9.9,0.0
823,10,2025-05-13,8.6,9.4,0.0
824,10,2025-05-14,3.5,9.1,0.0
825,10,15/05/2025,22.6,10.0,0.2
826,10,2025-05-16,4.3,10.0,2.8
827,10,2025-05-17,21.6,7.3,0.0
828,10,2025-05-18,6.4,,2.1
829,10,2025-05-19,13.0,8.1,0.0
830,10,2025-05-20,1.3,8.8,0.0
831,10,2025-05-21,18.9,9.1,1.1
832,10,2025-05-22,14.8,9.2,0.2
833,10,2025-05-23,,9.4,0.0
834,10,2025-05-24,9.1,9.1,0.0
835,10,2025-05-25,26.9,9.9,0.7
836,10,2025-05-26,4.3,9.1,0.2
837,10,2025-05-27,12.8,8.7,6.7
838,10,2025-05-28,1.3,,0.0
839,10,2025-05-29,7.1,10.0,0.4
840,10,30/05/2025,14.3,6.6,2.0
841,10,2025-05-31,9.3,10.0,0.0
842,10,2025-06-01,6.1,10.0,0.0
843,10,2025-06-02,2.2,4.7,0.0
844,10,2025-06-03,22.5,8.3,0.0
845,10,2025-06-04,7.3,9.2,0.0
846,10,2025-06-05,13.9,5.2,0.0
847,10,2025-06-06,5.7,9.0,1.0
848,10,2025-06-07,13.9,7.5,0.4
849,10,2025-06-08,8.5,8.1,0.0
850,10,2025-06-09,11.8,10.0,1.9
851,10,2025-06-10,7.6,6.9,0.0
852,10,2025-06-11,5.4,10.0,0.6
853,10,2025-06-12,4.7,7.1,0.0
854,10,2025-06-13,7.2,8.8,0.0
855,10,2025-06-14,6.4,6.7,0.0
856,10,2025-06-15,12.7,9.3,0.5
857,10,2025-06-16,16.4,9.3,0.8
858,10,2025-06-17,28.7,10.0,0.0
859,10,2025-06-18,14.9,10.0,0.0
860,10,2025-06-19,11.1,8.7,2.2
861,10,2025-06-20,12.6,6.0,0.2
862,10,2025-06-21,11.2,8.8,1.1
863,10,2025-06-22,13.6,10.0,4.4
864,10,2025-06-23,15.2,7.9,7.8
865,10,2025-06-24,18.2,10.0,0.8
866,10,2025-06-25,20.8,7.0,0.0
867,10,2025-06-26,15.1,7.2,0.0
868,10,2025-06-27,8.0,9.5,0.0
869,10,2025-06-28,12.1,10.0,0.0
870,10,2025-06-29,29.1,9.7,3.7
871,10,2025-06-30,7.5,6.1,0.0
872,10,2025-07-01,24.1,8.8,0.3
873,10,2025-07-02,9.7,9.0,0.0
874,10,2025-07-03,13.8,9.7,0.0
875,10,2025-07-04,8.1,8.8,2.1
876,10,2025-07-05,6.0,7.9,1.9
877,10,2025-07-06,5.4,8.8,0.0
878,10,2025-07-07,4.5,4.6,0.0
879,10,2025-07-08,7.4,7.1,0.2
880,10,2025-07-09,10.9,8.0,0.0
881,10,2025-07-10,14.0,7.2,0.8
882,10,2025-07-11,1.6,8.8,0.9
883,10,2025-07-12,7.1,7.0,2.8
884,10,2025-07-13,17.3,7.4,0.0
885,10,2025-07-14,5.2,10.0,0.7
886,10,2025-07-15,14.5,7.3,1.2
887,10,2025-07-16,7.7,7.2,0.0
888,10,2025-07-17,18.6,10.0,2.5
889,10,2025-07-18,31.9,10.0,0.0
890,10,2025-07-19,5.9,10.0,2.3
891,10,2025-07-20,1.4,9.2,2.0
892,10,2025-07-21,13.7,7.5,1.4
893,10,2025-07-22,5.6,10.0,0.0
894,10,2025-07-23,13.9,10.0,0.8
895,10,2025-07-24,27.0,,1.4
896,10,2025-07-25,6.5,7.4,0.5
897,10,2025-07-26,17.1,9.4,2.3
898,10,2025-07-27,4.1,7.7,0.0
899,10,2025-07-28,23.1,8.3,0.0
900,10,2025-07-29,,7.3,0.1
901,11,2025-05-01,33.3,10.0,5.2
902,11,2025-05-02,3.1,9.8,0.2
903,11,2025-05-03,19.2,7.0,3.5
904,11,2025-05-04,20.6,10.0,0.0
905,11,2025-05-05,5.3,10.0,1.6
906,11,2025-05-06,12.5,10.0,0.0
907,11,2025-05-07,11.2,8.2,0.7
908,11,2025-05-08,5.4,9.2,1.1
909,11,2025-05-09,10.4,10.0,0.0
910,11,2025-05-10,33.8,9.9,0.0
911,11,2025-05-11,15.9,10.0,0.0
912,11,2025-05-12,16.7,8.2,0.0
913,11,2025-05-13,24.6,10.0,4.8
914,11,2025-05-14,11.1,8.3,0.1
915,11,2025-05-15,10.2,7.2,0.0
916,11,2025-05-16,26.8,8.6,0.0
917,11,2025-05-17,7.9,10.0,2.6
918,11,2025-05-18,23.5,10.0,0.0
919,11,2025-05-19,29.4,8.1,0.0
920,11,2025-05-20,12.9,8.1,0.2
921,11,2025-05-21,,10.0,2.6
922,11,2025-05-22,30.8,9.5,0.0
923,11,2025-05-23,36.4,8.0,0.0
924,11,2025-05-24,9.6,8.1,0.1
925,11,2025-05-25,11.6,8.2,0.0
926,11,2025-05-26,21.2,10.0,0.0
927,11,2025-05-27,3.7,10.0,0.4
928,11,2025-05-28,28.1,10.0,0.5
929,11,2025-05-29,2.7,9.3,0.1
930,11,2025-05-30,16.5,9.2,0.0
931,11,31/05/2025,4.0,10.0,0.0
932,11,2025-06-01,8.0,10.0,4.0
933,11,2025-06-02,6.5,9.0,5.5
934,11,2025-06-03,6.1,9.3,0.0
935,11,2025-06-04,14.0,8.1,0.0
936,11,2025-06-05,3.5,7.0,2.8
937,11,2025-06-06,1.5,7.5,0.0
938,11,2025-06-07,6.5,9.8,4.1
939,11,2025-06-08,13.4,9.7,0.0
940,11,2025-06-09,26.0,10.0,0.0
941,11,2025-06-10,8.0,8.1,1.2
942,11,2025-06-11,37.9,10.0,0.2
943,11,2025-06-12,21.2,8.7,0.0
944,11,2025-06-13,18.3,9.8,0.0
945,11,2025-06-14,9.4,9.4,0.3
946,11,2025-06-15,14.4,10.0,0.0
947,11,2025-06-16,39.9,8.9,1.6
948,11,2025-06-17,11.6,9.4,2.7
949,11,2025-06-18,13.8,5.8,4.0
950,11,2025-06-19,8.4,10.0,4.5
951,11,2025-06-20,5.6,8.9,0.6
952,11,2025-06-21,6.3,9.3,3.2
953,11,2025-06-22,3.0,8.8,0.0
954,11,2025-06-23,13.7,10.0,0.0
955,11,2025-06-24,12.1,10.0,0.5
956,11,2025-06-25,14.1,10.0,4.8
957,11,2025-06-26,40.0,10.0,0.5
958,11,2025-06-27,3.0,10.0,0.4
959,11,2025-06-28,11.1,10.0,0.7
960,11,2025-06-29,9.2,8.3,0.0
961,11,2025-06-30,6.7,7.7,0.0
962,11,2025-07-01,35.8,9.6,0.0
963,11,2025-07-02,3.4,10.0,2.7
964,11,2025-07-03,33.1,9.8,0.6
965,11,2025-07-04,2.8,8.9,0.0
966,11,2025-07-05,8.4,9.6,0.0
967,11,2025-07-06,3.8,10.0,0.0
968,11,2025-07-07,1.0,10.0,0.0
969,11,2025-07-08,25.0,9.0,0.0
970,11,2025-07-09,9.5,10.0,0.0
971,11,2025-07-10,16.1,9.1,0.0
972,11,2025-07-11,8.4,10.0,0.0
973,11,2025-07-12,33.7,9.3,0.0
974,11,2025-07-13,7.5,9.6,0.0
975,11,2025-07-14,10.4,10.0,0.0
976,11,2025-07-15,,10.0,0.0
977,11,2025-07-16,4.6,10.0,2.5
978,11,2025-07-17,14.2,8.4,0.0
979,11,2025-07-18,,10.0,9.8
980,11,2025-07-19,0.5,8.1,0.0
981,11,2025-07-20,28.7,8.7,0.7
982,11,2025-07-21,3.4,6.8,0.3
983,11,2025-07-22,3.9,9.4,0.1
984,11,2025-07-23,3.1,10.0,0.0
985,11,2025-07-24,4.9,10.0,0.0
986,11,2025-07-25,26.0,10.0,1.2
987,11,2025-07-26,12.6,7.9,0.0
988,11,2025-07-27,9.7,10.0,0.0
989,11,2025-07-28,44.8,6.8,1.2
990,11,2025-07-29,9.8,10.0,0.0
991,12,2025-05-01,11.0,9.9,0.1
992,12,2025-05-02,5.2,10.0,0.0
993,12,2025-05-03,10.4,9.9,2.9
994,12,2025-05-04,20.8,9.1,1.3
995,12,2025-05-05,24.0,7.6,0.0
996,12,2025-05-06,12.4,8.3,0.1
997,12,2025-05-07,3.8,10.0,0.0
998,12,2025-05-08,3.2,9.7,0.0
999,12,2025-05-09,3.0,10.0,0.0
1000,12,2025-05-10,7.2,10.0,3.9
1001,12,2025-05-11,15.4,10.0,0.7
1002,12,2025-05-12,2.4,8.1,2.7
1003,12,2025-05-13,,10.0,0.0
1004,12,2025-05-14,8.3,10.0,0.0
1005,12,2025-05-15,10.0,8.4,0.0
1006,12,2025-05-16,,9.6,4.0
1007,12,2025-05-17,10.9,10.0,0.9
1008,12,2025-05-18,16.8,8.1,0.7
1009,12,2025-05-19,8.0,7.5,0.0
1010,12,2025-05-20,13.0,10.0,1.2
1011,12,2025-05-21,4.3,7.2,0.0
1012,12,2025-05-22,5.9,9.2,1.3
1013,12,2025-05-23,16.9,9.0,4.8
1014,12,2025-05-24,13.1,8.8,0.0
1015,12,2025-05-25,8.7,8.3,1.8
1016,12,2025-05-26,3.6,10.0,2.4
1017,12,2025-05-27,7.0,10.0,4.3
1018,12,2025-05-28,4.9,9.6,0.6
1019,12,2025-05-29,1.0,9.0,1.7
1020,12,2025-05-30,5.4,10.0,1.3
1021,12,2025-05-31,3.1,9.3,2.4
1022,12,2025-06-01,12.9,10.0,0.8
1023,12,2025-06-02,18.4,9.5,0.0
1024,12,2025-06-03,290.86625276056645,10.0,0.0
1025,12,2025-06-04,9.4,9.8,0.0
1026,12,2025-06-05,22.9,10.0,0.0
1027,12,2025-06-06,12.2,10.0,0.0
1028,12,2025-06-07,18.0,10.0,0.0
1029,12,2025-06-08,20.6,8.7,0.0
1030,12,2025-06-09,12.8,10.0,0.0
1031,12,2025-06-10,26.0,9.3,1.5
1032,12,2025-06-11,12.6,10.0,0.0
1033,12,2025-06-12,10.3,10.0,0.0
1034,12,13/06/2025,62.0,10.0,6.6
1035,12,2025-06-14,8.7,9.4,0.3
1036,12,2025-06-15,1.9,6.9,0.0
1037,12,2025-06-16,14.4,10.0,0.0
1038,12,2025-06-17,18.2,8.3,0.0
1039,12,2025-06-18,17.5,9.4,0.0
1040,12,2025-06-19,7.4,7.5,0.0
1041,12,2025-06-20,5.4,10.0,0.0
1042,12,2025-06-21,12.7,9.8,0.0
1043,12,2025-06-22,0.8,9.8,0.4
1044,12,2025-06-23,6.1,10.0,8.8
1045,12,2025-06-24,23.2,8.9,0.0
1046,12,2025-06-25,10.8,10.0,2.5
1047,12,2025-06-26,12.3,9.5,7.2
1048,12,2025-06-27,4.9,10.0,8.2
1049,12,2025-06-28,4.2,10.0,0.0
1050,12,2025-06-29,16.1,8.7,2.0
1051,12,2025-06-30,5.1,8.4,0.0
1052,12,2025-07-01,1.6,10.0,0.0
1053,12,2025-07-02,1.0,9.4,4.6
1054,12,2025-07-03,8.9,9.1,0.0
1055,12,2025-07-04,14.0,8.7,0.5
1056,12,2025-07-05,11.5,10.0,4.7
1057,12,2025-07-06,15.3,8.9,2.3
1058,12,2025-07-07,10.1,9.1,4.0
1059,12,2025-07-08,,9.9,0.0
1060,12,2025-07-09,2.6,7.1,0.0
1061,12,2025-07-10,4.6,10.0,0.0
1062,12,2025-07-11,16.0,10.0,0.0
1063,12,2025-07-12,4.7,9.7,0.0
1064,12,2025-07-13,7.3,9.4,0.0
1065,12,2025-07-14,7.2,10.0,0.0
1066,12,2025-07-15,5.7,10.0,0.0
1067,12,2025-07-16,22.2,10.0,0.0
1068,12,2025-07-17,20.4,7.4,0.0
1069,12,2025-07-18,23.0,10.0,0.0
1070,12,2025-07-19,6.0,8.5,0.6
1071,12,2025-07-20,28.4,10.0,2.0
1072,12,2025-07-21,8.9,7.4,0.0
1073,12,2025-07-22,23.8,7.9,0.8
1074,12,2025-07-23,7.4,9.3,0.0
1075,12,2025-07-24,5.4,9.3,0.0
1076,12,2025-07-25,9.9,9.2,0.0
1077,12,2025-07-26,12.7,10.0,0.1
1078,12,2025-07-27,2.6,9.8,3.5
1079,12,2025-07-28,3.7,7.3,0.0
1080,12,2025-07-29,19.3,9.9,0.0
1081,13,2025-05-01,2.2,9.4,3.5
1082,13,2025-05-02,4.6,6.4,3.3
1083,13,2025-05-03,8.8,10.0,0.0
1084,13,2025-05-04,15.2,9.1,1.7
1085,13,2025-05-05,19.9,10.0,1.8
1086,13,2025-05-06,16.6,8.9,0.0
1087,13,2025-05-07,9.0,10.0,0.0
1088,13,2025-05-08,7.7,10.0,0.1
1089,13,2025-05-09,5.3,10.0,0.0
1090,13,2025-05-10,4.8,9.6,0.0
1091,13,2025-05-11,14.9,10.0,0.0
1092,13,2025-05-12,11.8,9.3,0.0
1093,13,2025-05-13,7.6,10.0,0.1
1094,13,2025-05-14,14.0,10.0,1.1
1095,13,2025-05-15,27.1,9.8,0.0
1096,13,2025-05-16,13.3,9.2,1.9
1097,13,2025-05-17,5.1,8.8,2.4
1098,13,2025-05-18,0.6,10.0,0.0
1099,13,2025-05-19,13.7,10.0,0.0
1100,13,2025-05-20,4.8,8.8,0.0
1101,13,2025-05-21,6.0,10.0,0.7
1102,13,2025-05-22,11.5,9.8,0.0
1103,13,2025-05-23,17.2,8.8,0.0
1104,13,2025-05-24,330.5640137410104,10.0,0.0
1105,13,2025-05-25,23.7,10.0,1.1
1106,13,2025-05-26,10.7,10.0,0.0
1107,13,2025-05-27,25.9,10.0,0.0
1108,13,2025-05-28,28.9,10.0,0.0
1109,13,2025-05-29,1.0,10.0,0.0
1110,13,2025-05-30,5.1,6.7,3.9
1111,13,2025-05-31,17.0,6.6,1.2
1112,13,2025-06-01,10.2,6.6,3.6
1113,13,2025-06-02,7.7,10.0,0.0
1114,13,2025-06-03,13.1,9.7,0.4
1115,13,2025-06-04,14.1,5.6,0.0
1116,13,2025-06-05,5.9,9.0,0.0
1117,13,2025-06-06,15.8,8.2,0.0
1118,13,2025-06-07,11.6,9.6,2.2
1119,13,2025-06-08,6.2,8.9,0.0
1120,13,2025-06-09,9.3,6.9,0.0
1121,13,2025-06-10,17.4,8.5,1.4
1122,13,2025-06-11,8.1,10.0,0.0
1123,13,2025-06-12,17.6,8.0,1.3
1124,13,2025-06-13,0.2,10.0,0.0
1125,13,2025-06-14,8.4,10.0,0.1
1126,13,2025-06-15,17.2,10.0,0.1
1127,13,2025-06-16,7.1,9.5,0.3
1128,13,2025-06-17,,10.0,0.2
1129,13,2025-06-18,11.6,10.0,0.0
1130,13,2025-06-19,13.9,10.0,0.5
1131,13,2025-06-20,12.3,8.2,3.3
1132,13,2025-06-21,5.9,7.9,0.0
1133,13,2025-06-22,20.6,7.4,0.4
1134,13,2025-06-23,8.9,9.2,0.0
1135,13,2025-06-24,7.3,9.2,1.4
1136,13,2025-06-25,29.5,6.8,0.0
1137,13,2025-06-26,24.0,9.4,0.0
1138,13,2025-06-27,18.2,9.8,2.0
1139,13,2025-06-28,3.7,10.0,0.0
1140,13,2025-06-29,22.9,8.2,3.8
1141,13,2025-06-30,15.4,8.8,0.0
1142,13,2025-07-01,2.3,8.5,6.6
1143,13,2025-07-02,24.5,10.0,0.0
1144,13,2025-07-03,7.9,10.0,0.0
1145,13,2025-07-04,21.8,8.5,0.4
1146,13,2025-07-05,28.7,9.1,0.0
1147,13,2025-07-06,8.2,6.9,0.0
1148,13,2025-07-07,6.0,9.5,2.8
1149,13,2025-07-08,12.6,8.1,0.0
1150,13,2025-07-09,5.3,10.0,0.0
1151,13,2025-07-10,20.8,10.0,0.0
1152,13,2025-07-11,9.6,10.0,3.3
1153,13,2025-07-12,15.6,10.0,2.5
1154,13,2025-07-13,2.2,5.8,5.3
1155,13,2025-07-14,6.5,10.0,0.0
1156,13,2025-07-15,10.7,8.6,2.7
1157,13,2025-07-16,14.7,9.0,0.0
1158,13,2025-07-17,10.1,10.0,0.0
1159,13,2025-07-18,7.0,10.0,0.0
1160,13,2025-07-19,19.8,8.6,0.0
1161,13,2025-07-20,6.7,8.3,0.0
1162,13,2025-07-21,9.9,10.0,2.9
1163,13,2025-07-22,7.6,10.0,0.0
1164,13,2025-07-23,6.6,9.0,0.0
1165,13,2025-07-24,13.1,9.1,1.6
1166,13,2025-07-25,9.5,10.0,0.0
1167,13,2025-07-26,12.2,6.1,2.9
1168,13,2025-07-27,6.6,10.0,3.7
1169,13,2025-07-28,15.1,10.0,0.0
1170,13,2025-07-29,3.7,9.9,0.0
1171,14,2025-05-01,5.9,10.0,0.0
1172,14,2025-05-02,0.2,9.2,5.3
1173,14,2025-05-03,6.4,10.0,3.3
1174,14,2025-05-04,1.4,9.6,0.0
1175,14,2025-05-05,15.0,10.0,1.1
1176,14,2025-05-06,6.7,10.0,0.0
1177,14,2025-05-07,1.5,9.5,0.3
1178,14,2025-05-08,22.2,10.0,0.0
1179,14,2025-05-09,13.6,7.2,1.5
1180,14,2025-05-10,24.6,7.2,0.0
1181,14,2025-05-11,3.4,,0.2
1182,14,2025-05-12,9.4,8.7,0.0
1183,14,2025-05-13,16.4,9.8,0.0
1184,14,2025-05-14,20.9,9.9,0.2
1185,14,2025-05-15,11.9,10.0,0.0
1186,14,2025-05-16,9.3,8.2,2.5
1187,14,2025-05-17,17.1,9.1,0.0
1188,14,2025-05-18,12.4,6.6,0.0
1189,14,2025-05-19,9.0,8.8,0.0
1190,14,2025-05-20,1.1,9.4,0.0
1191,14,2025-05-21,9.5,10.0,0.2
1192,14,2025-05-22,21.9,10.0,0.0
1193,14,2025-05-23,6.9,9.8,1.2
1194,14,2025-05-24,14.5,8.9,2.2
1195,14,2025-05-25,2.3,9.2,4.6
1196,14,2025-05-26,22.6,7.3,0.0
1197,14,2025-05-27,4.1,8.4,0.0
1198,14,2025-05-28,4.2,10.0,0.0
1199,14,2025-05-29,5.9,10.0,0.0
1200,14,2025-05-30,10.3,6.9,2.4
1201,14,2025-05-31,7.2,10.0,0.0
1202,14,2025-06-01,11.2,9.0,0.0
1203,14,2025-06-02,22.7,7.9,0.0
1204,14,2025-06-03,6.1,10.0,1.1
1205,14,2025-06-04,16.3,7.8,3.4
1206,14,2025-06-05,14.1,8.6,0.0
1207,14,2025-06-06,1.0,9.1,2.9
1208,14,2025-06-07,34.0,10.0,0.0
1209,14,2025-06-08,,7.2,0.0
1210,14,2025-06-09,1.1,9.6,0.0
1211,14,2025-06-10,13.5,10.0,1.5
1212,14,2025-06-11,15.3,10.0,0.6
1213,14,2025-06-12,12.3,10.0,0.0
1214,14,2025-06-13,6.5,9.6,0.0
1215,14,2025-06-14,1.7,8.7,0.0
1216,14,2025-06-15,19.9,10.0,0.0
1217,14,2025-06-16,0.6,10.0,0.6
1218,14,2025-06-17,11.3,9.8,0.0
1219,14,2025-06-18,6.0,8.9,0.0
1220,14,2025-06-19,11.2,10.0,1.0
1221,14,2025-06-20,12.7,8.8,0.5
1222,14,2025-06-21,4.5,8.1,0.0
1223,14,2025-06-22,20.9,10.0,5.8
1224,14,2025-06-23,14.3,10.0,0.0
1225,14,2025-06-24,9.1,10.0,0.0
1226,14,2025-06-25,14.8,10.0,0.0
1227,14,2025-06-26,3.8,5.8,0.5
1228,14,2025-06-27,,6.6,5.7
1229,14,2025-06-28,7.5,6.2,0.8
1230,14,2025-06-29,23.2,10.0,0.0
1231,14,2025-06-30,13.0,8.3,0.3
1232,14,2025-07-01,1.6,6.2,0.7
1233,14,2025-07-02,6.3,10.0,2.2
1234,14,2025-07-03,7.6,10.0,0.0
1235,14,2025-07-04,14.9,10.0,2.2
1236,14,2025-07-05,1.2,8.4,0.0
1237,14,2025-07-06,14.2,10.0,0.0
1238,14,2025-07-07,21.8,10.0,0.0
1239,14,2025-07-08,23.4,10.0,0.0
1240,14,2025-07-09,2.2,10.0,1.2
1241,14,2025-07-10,22.3,10.0,0.7
1242,14,2025-07-11,6.1,7.8,0.0
1243,14,2025-07-12,18.1,10.0,0.5
1244,14,2025-07-13,12.7,10.0,1.5
1245,14,2025-07-14,18.1,10.0,1.3
1246,14,2025-07-15,6.8,10.0,0.0
1247,14,2025-07-16,3.3,10.0,0.0
1248,14,2025-07-17,9.7,7.2,0.0
1249,14,2025-07-18,13.6,8.7,3.4
1250,14,2025-07-19,13.4,8.1,0.0
1251,14,2025-07-20,18.2,10.0,0.0
1252,14,2025-07-21,3.3,8.1,0.2
1253,14,2025-07-22,2.8,9.2,3.0
1254,14,2025-07-23,13.2,10.0,0.0
1255,14,2025-07-24,12.2,10.0,0.8
1256,14,2025-07-25,9.5,8.7,0.0
1257,14,2025-07-26,4.4,9.3,1.7
1258,14,2025-07-27,4.5,10.0,0.0
1259,14,2025-07-28,4.5,8.8,0.6
1260,14,2025-07-29,,10.0,0.5
1261,15,2025-05-01,21.7,9.0,2.9
1262,15,2025-05-02,6.3,9.9,0.7
1263,15,2025-05-03,4.6,10.0,0.0
1264,15,2025-05-04,5.8,8.8,0.5
1265,15,2025-05-05,17.2,6.4,1.4
1266,15,2025-05-06,6.0,9.7,0.0
1267,15,2025-05-07,15.2,9.7,0.5
1268,15,2025-05-08,8.3,10.0,0.0
1269,15,2025-05-09,4.2,7.6,2.0
1270,15,2025-05-10,13.1,7.5,0.3
1271,15,2025-05-11,30.1,10.0,13.2
1272,15,2025-05-12,6.2,10.0,5.2
1273,15,2025-05-13,3.2,10.0,0.0
1274,15,2025-05-14,10.1,8.2,0.0
1275,15,2025-05-15,,8.0,0.0
1276,15,2025-05-16,8.4,7.3,0.0
1277,15,2025-05-17,6.2,10.0,0.0
1278,15,2025-05-18,11.7,,0.0
1279,15,2025-05-19,8.6,10.0,1.1
1280,15,2025-05-20,6.8,7.5,0.0
1281,15,2025-05-21,14.9,5.8,0.0
1282,15,2025-05-22,8.0,10.0,0.3
1283,15,2025-05-23,8.4,10.0,0.5
1284,15,2025-05-24,3.7,8.7,0.0
1285,15,2025-05-25,7.6,9.8,1.2
1286,15,2025-05-26,10.5,6.1,4.9
1287,15,2025-05-27,25.8,8.3,0.0
1288,15,2025-05-28,10.4,8.6,0.0
1289,15,2025-05-29,9.9,8.9,0.0
1290,15,2025-05-30,4.6,10.0,0.3
1291,15,2025-05-31,5.7,8.0,2.0
1292,15,2025-06-01,2.2,8.3,0.7
1293,15,2025-06-02,5.6,4.7,0.5
1294,15,2025-06-03,1.1,4.9,3.5
1295,15,2025-06-04,8.4,10.0,0.3
1296,15,2025-06-05,2.6,9.0,0.0
1297,15,2025-06-06,8.2,10.0,0.0
1298,15,2025-06-07,16.5,10.0,0.0
1299,15,2025-06-08,12.0,7.9,1.5
1300,15,2025-06-09,6.2,8.4,3.7
1301,15,2025-06-10,5.8,10.0,0.0
1302,15,2025-06-11,16.0,6.7,5.3
1303,15,2025-06-12,14.2,7.5,1.0
1304,15,2025-06-13,16.4,10.0,3.0
1305,15,2025-06-14,8.3,8.2,7.3
1306,15,2025-06-15,26.3,8.1,0.0
1307,15,2025-06-16,5.0,7.7,0.0
1308,15,2025-06-17,9.4,9.5,0.0
1309,15,2025-06-18,19.3,9.9,0.0
1310,15,2025-06-19,,10.0,0.4
1311,15,2025-06-20,4.1,6.9,1.8
1312,15,2025-06-21,15.2,8.9,1.5
1313,15,2025-06-22,19.4,9.0,0.0
1314,15,2025-06-23,6.0,10.0,2.3
1315,15,2025-06-24,10.6,9.0,0.0
1316,15,2025-06-25,42.3,10.0,0.0
1317,15,2025-06-26,16.7,9.3,2.0
1318,15,2025-06-27,10.2,,0.0
1319,15,2025-06-28,11.7,8.4,1.4
1320,15,2025-06-29,,9.0,0.0
1321,15,2025-06-30,12.4,10.0,5.1
1322,15,2025-07-01,5.0,9.2,0.0
1323,15,2025-07-02,14.6,9.8,0.0
1324,15,2025-07-03,28.3,8.7,0.1
1325,15,2025-07-04,4.7,9.2,2.3
1326,15,2025-07-05,8.3,8.5,0.0
1327,15,2025-07-06,6.4,9.5,0.0
1328,15,2025-07-07,5.7,10.0,0.0
1329,15,2025-07-08,16.2,9.7,2.5
1330,15,2025-07-09,4.1,9.5,0.0
1331,15,2025-07-10,20.3,10.0,0.0
1332,15,2025-07-11,15.9,9.1,0.0
1333,15,2025-07-12,9.8,10.0,0.0
1334,15,2025-07-13,12.3,9.5,0.0
1335,15,2025-07-14,50.1,8.6,1.7
1336,15,2025-07-15,1.0,8.8,0.0
1337,15,2025-07-16,9.1,9.5,0.0
1338,15,2025-07-17,14.3,6.2,0.0
1339,15,2025-07-18,14.5,9.0,0.0
1340,15,2025-07-19,8.1,6.7,0.0
1341,15,2025-07-20,25.6,8.5,0.2
1342,15,2025-07-21,16.0,7.9,2.3
1343,15,2025-07-22,12.6,8.7,1.1
1344,15,2025-07-23,15.7,8.7,0.0
1345,15,2025-07-24,4.8,9.1,4.3
1346,15,2025-07-25,9.5,9.5,0.1
1347,15,2025-07-26,19.0,7.5,7.5
1348,15,2025-07-27,18.4,7.3,0.0
1349,15,2025-07-28,15.3,10.0,0.0
1350,15,2025-07-29,6.8,8.0,1.3
1351,16,2025-05-01,5.0,9.7,0.0
1352,16,2025-05-02,16.3,9.3,1.7
1353,16,2025-05-03,0.8,8.8,2.7
1354,16,2025-05-04,6.2,10.0,0.0
1355,16,2025-05-05,14.7,9.8,0.1
1356,16,2025-05-06,18.4,10.0,2.1
1357,16,2025-05-07,6.7,8.3,0.0
1358,16,2025-05-08,9.4,7.0,7.1
1359,16,2025-05-09,11.2,8.8,2.1
1360,16,2025-05-10,57.8,10.0,0.0
1361,16,2025-05-11,6.0,8.0,0.0
1362,16,2025-05-12,5.6,10.0,0.0
1363,16,2025-05-13,19.8,10.0,4.0
1364,16,2025-05-14,4.7,10.0,2.2
1365,16,2025-05-15,5.1,10.0,0.6
1366,16,2025-05-16,4.9,7.7,0.0
1367,16,2025-05-17,3.8,9.5,0.0
1368,16,2025-05-18,16.1,10.0,0.0
1369,16,2025-05-19,4.0,9.0,1.0
1370,16,2025-05-20,6.6,7.8,0.5
1371,16,2025-05-21,6.5,10.0,3.3
1372,16,2025-05-22,281.5361340827901,9.9,2.2
1373,16,2025-05-23,24.5,10.0,3.0
1374,16,2025-05-24,29.2,10.0,0.4
1375,16,2025-05-25,13.9,8.8,0.0
1376,16,2025-05-26,3.0,9.3,0.0
1377,16,2025-05-27,21.1,6.3,0.7
1378,16,2025-05-28,6.8,10.0,2.3
1379,16,2025-05-29,10.0,10.0,0.0
1380,16,2025-05-30,19.7,7.4,3.8
1381,16,2025-05-31,10.7,8.5,0.6
1382,16,2025-06-01,5.3,7.5,0.0
1383,16,2025-06-02,12.0,10.0,1.0
1384,16,2025-06-03,12.8,7.5,0.0
1385,16,2025-06-04,9.6,10.0,0.0
1386,16,2025-06-05,9.1,10.0,2.8
1387,16,2025-06-06,5.7,9.2,0.0
1388,16,2025-06-07,7.9,10.0,1.5
1389,16,08/06/2025,4.0,6.4,0.0
1390,16,2025-06-09,24.9,9.7,0.0
1391,16,2025-06-10,3.3,10.0,3.9
1392,16,2025-06-11,15.0,10.0,0.0
1393,16,2025-06-12,11.6,10.0,0.0
1394,16,2025-06-13,9.1,10.0,0.0
1395,16,2025-06-14,16.6,10.0,1.2
1396,16,2025-06-15,7.1,8.9,0.0
1397,16,2025-06-16,16.8,7.6,2.0
1398,16,2025-06-17,5.3,9.3,6.3
1399,16,2025-06-18,28.2,10.0,0.0
1400,16,2025-06-19,10.6,8.8,5.4
1401,16,2025-06-20,35.6,9.5,0.0
1402,16,2025-06-21,5.3,10.0,0.0
1403,16,2025-06-22,3.2,10.0,0.7
1404,16,2025-06-23,10.1,10.0,5.4
1405,16,2025-06-24,14.8,10.0,0.0
1406,16,2025-06-25,42.4,10.0,0.1
1407,16,2025-06-26,5.6,10.0,0.0
1408,16,2025-06-27,1.8,10.0,7.8
1409,16,2025-06-28,20.8,6.4,0.0
1410,16,2025-06-29,9.8,10.0,0.0
1411,16,2025-06-30,13.0,7.7,0.0
1412,16,2025-07-01,3.6,9.3,2.4
1413,16,2025-07-02,7.1,9.0,0.0
1414,16,2025-07-03,2.8,9.6,7.4
1415,16,2025-07-04,28.3,7.8,4.4
1416,16,2025-07-05,8.4,10.0,1.1
1417,16,2025-07-06,2.1,9.6,1.5
1418,16,2025-07-07,20.4,8.1,0.0
1419,16,2025-07-08,11.1,10.0,5.4
1420,16,2025-07-09,41.0,9.7,2.2
1421,16,2025-07-10,5.4,6.8,3.2
1422,16,2025-07-11,5.5,7.5,0.0
1423,16,2025-07-12,29.9,10.0,4.4
1424,16,2025-07-13,3.6,8.4,3.9
1425,16,2025-07-14,10.5,10.0,0.6
1426,16,2025-07-15,14.4,10.0,0.0
1427,16,2025-07-16,11.6,7.9,0.3
1428,16,2025-07-17,10.6,9.5,4.5
1429,16,2025-07-18,2.6,10.0,0.4
1430,16,2025-07-19,6.1,7.5,5.3
1431,16,2025-07-20,7.0,9.2,0.0
1432,16,2025-07-21,9.5,9.1,0.0
1433,16,2025-07-22,9.9,9.8,2.4
1434,16,2025-07-23,10.8,10.0,0.0
1435,16,2025-07-24,13.9,10.0,6.4
1436,16,2025-07-25,16.8,8.5,1.6
1437,16,2025-07-26,5.7,10.0,0.1
1438,16,2025-07-27,7.2,9.4,0.7
1439,16,2025-07-28,8.5,10.0,0.0
1440,16,2025-07-29,4.7,8.2,0.1
1441,17,2025-05-01,9.9,9.0,0.0
1442,17,2025-05-02,3.6,9.1,1.4
1443,17,2025-05-03,10.1,8.5,1.3
1444,17,2025-05-04,8.9,8.1,0.0
1445,17,2025-05-05,3.6,8.6,0.9
1446,17,2025-05-06,4.1,7.3,0.2
1447,17,2025-05-07,1.4,9.6,3.6
1448,17,2025-05-08,6.9,10.0,2.8
1449,17,2025-05-09,7.4,9.6,0.0
1450,17,2025-05-10,5.8,9.2,1.6
1451,17,2025-05-11,1.4,8.6,2.4
1452,17,2025-05-12,4.8,10.0,0.0
1453,17,2025-05-13,11.2,10.0,0.3
1454,17,2025-05-14,21.9,8.5,0.0
1455,17,2025-05-15,10.9,7.6,0.0
1456,17,2025-05-16,13.1,10.0,0.0
1457,17,2025-05-17,12.4,8.5,0.0
1458,17,2025-05-18,31.2,9.3,0.0
1459,17,2025-05-19,3.8,10.0,0.1
1460,17,2025-05-20,19.4,7.7,0.7
1461,17,2025-05-21,8.1,7.2,3.2
1462,17,2025-05-22,22.5,9.1,1.3
1463,17,2025-05-23,4.8,10.0,0.0
1464,17,2025-05-24,9.9,,0.0
1465,17,2025-05-25,13.7,7.8,0.0
1466,17,2025-05-26,6.4,8.0,0.0
1467,17,2025-05-27,3.5,6.8,0.0
1468,17,2025-05-28,35.3,9.7,0.0
1469,17,2025-05-29,13.6,10.0,0.0
1470,17,2025-05-30,,7.2,0.1
1471,17,2025-05-31,16.7,7.5,2.5
1472,17,2025-06-01,16.4,7.0,0.1
1473,17,2025-06-02,3.1,8.3,0.8
1474,17,2025-06-03,16.0,10.0,0.7
1475,17,2025-06-04,13.6,8.3,0.2
1476,17,2025-06-05,18.8,7.0,0.0
1477,17,2025-06-06,4.4,9.4,0.7
1478,17,2025-06-07,17.1,8.9,1.0
1479,17,2025-06-08,7.8,8.9,0.0
1480,17,2025-06-09,20.9,8.1,1.5
1481,17,2025-06-10,4.2,8.8,0.3
1482,17,2025-06-11,22.9,8.3,5.0
1483,17,2025-06-12,8.1,7.0,3.9
1484,17,2025-06-13,8.4,9.6,4.3
1485,17,2025-06-14,3.3,10.0,0.0
1486,17,2025-06-15,11.7,8.5,8.4
1487,17,2025-06-16,11.8,10.0,0.0
1488,17,2025-06-17,1.7,9.6,12.8
1489,17,2025-06-18,22.4,8.1,0.0
1490,17,2025-06-19,6.6,8.7,0.0
1491,17,2025-06-20,17.2,7.7,0.0
1492,17,2025-06-21,13.7,8.8,7.6
1493,17,2025-06-22,29.4,8.8,0.0
1494,17,2025-06-23,0.8,10.0,4.1
1495,17,2025-06-24,13.2,9.5,2.0
1496,17,2025-06-25,22.0,6.8,0.0
1497,17,2025-06-26,4.5,9.2,0.0
1498,17,2025-06-27,10.9,9.0,0.0
1499,17,2025-06-28,2.3,8.5,0.0
1500,17,2025-06-29,28.0,7.6,0.0
1501,17,2025-06-30,9.5,9.9,0.0
1502,17,2025-07-01,16.9,10.0,0.0
1503,17,2025-07-02,,7.9,3.9
1504,17,2025-07-03,29.5,10.0,3.2
1505,17,2025-07-04,10.2,10.0,0.0
1506,17,2025-07-05,2.8,6.0,0.0
1507,17,2025-07-06,10.8,9.5,0.0
1508,17,2025-07-07,2.6,10.0,0.5
1509,17,2025-07-08,1.3,9.7,0.0
1510,17,2025-07-09,14.7,9.4,0.0
1511,17,2025-07-10,2.2,10.0,0.0
1512,17,2025-07-11,6.5,8.5,0.0
1513,17,2025-07-12,5.4,10.0,0.0
1514,17,2025-07-13,6.2,7.5,0.0
1515,17,2025-07-14,19.0,9.1,0.0
1516,17,2025-07-15,19.5,9.2,0.0
1517,17,2025-07-16,5.1,6.6,0.0
1518,17,2025-07-17,10.9,8.7,0.0
1519,17,2025-07-18,16.3,8.3,0.0
1520,17,2025-07-19,12.9,9.2,0.0
1521,17,2025-07-20,4.8,8.4,3.3
1522,17,2025-07-21,2.8,10.0,0.0
1523,17,2025-07-22,12.7,7.1,0.0
1524,17,2025-07-23,29.9,7.6,0.5
1525,17,2025-07-24,5.9,8.8,0.0
1526,17,2025-07-25,9.7,10.0,1.4
1527,17,2025-07-26,,9.2,2.5
1528,17,2025-07-27,7.7,9.4,1.4
1529,17,2025-07-28,7.4,8.5,0.0
1530,17,2025-07-29,8.7,10.0,0.0
1531,18,2025-05-01,6.7,10.0,0.8
1532,18,2025-05-02,10.7,9.3,0.0
1533,18,2025-05-03,11.1,9.9,0.0
1534,18,2025-05-04,7.1,10.0,0.0
1535,18,2025-05-05,13.7,7.3,0.0
1536,18,2025-05-06,0.8,10.0,2.0
1537,18,2025-05-07,11.3,7.2,2.1
1538,18,2025-05-08,6.7,10.0,0.0
1539,18,2025-05-09,8.3,9.0,0.2
1540,18,2025-05-10,15.8,9.6,0.4
1541,18,2025-05-11,14.4,10.0,0.0
1542,18,2025-05-12,5.3,8.3,1.8
1543,18,2025-05-13,4.7,8.3,2.5
1544,18,2025-05-14,8.7,9.1,1.3
1545,18,2025-05-15,24.0,9.6,1.6
1546,18,2025-05-16,8.8,10.0,6.8
1547,18,2025-05-17,3.8,8.7,0.0
1548,18,2025-05-18,29.6,10.0,2.1
1549,18,2025-05-19,7.4,6.7,0.7
1550,18,2025-05-20,6.7,10.0,0.0
1551,18,2025-05-21,8.7,10.0,0.0
1552,18,2025-05-22,9.5,7.1,0.0
1553,18,2025-05-23,9.8,10.0,0.0
1554,18,2025-05-24,5.9,10.0,3.3
1555,18,2025-05-25,10.2,10.0,1.5
1556,18,2025-05-26,12.3,7.8,0.0
1557,18,2025-05-27,7.6,8.7,0.0
1558,18,2025-05-28,5.7,9.5,0.0
1559,18,2025-05-29,33.1,10.0,1.2
1560,18,2025-05-30,22.0,8.2,0.0
1561,18,2025-05-31,22.3,10.0,0.0
1562,18,2025-06-01,5.2,9.8,0.3
1563,18,2025-06-02,13.5,8.8,0.0
1564,18,2025-06-03,10.9,9.9,0.0
1565,18,2025-06-04,8.4,10.0,3.5
1566,18,2025-06-05,3.0,8.7,3.3
1567,18,2025-06-06,16.0,10.0,0.0
1568,18,2025-06-07,20.4,9.4,0.0
1569,18,2025-06-08,8.8,8.8,4.3
1570,18,2025-06-09,,6.6,0.0
1571,18,2025-06-10,30.0,9.1,0.5
1572,18,2025-06-11,4.9,9.8,0.0
1573,18,2025-06-12,5.3,10.0,1.0
1574,18,2025-06-13,5.1,10.0,0.4
1575,18,2025-06-14,7.6,9.6,2.9
1576,18,2025-06-15,17.4,8.4,0.0
1577,18,2025-06-16,17.1,6.6,0.0
1578,18,2025-06-17,25.9,10.0,0.0
1579,18,2025-06-18,9.0,10.0,0.0
1580,18,2025-06-19,20.0,9.2,1.3
1581,18,2025-06-20,9.6,7.9,1.4
1582,18,2025-06-21,10.1,7.0,0.0
1583,18,2025-06-22,,10.0,3.6
1584,18,2025-06-23,1.7,10.0,0.4
1585,18,2025-06-24,5.8,10.0,0.0
1586,18,2025-06-25,11.5,10.0,1.4
1587,18,2025-06-26,4.3,8.7,0.0
1588,18,2025-06-27,6.2,7.0,1.7
1589,18,2025-06-28,3.0,9.0,0.0
1590,18,2025-06-29,12.8,7.7,1.0
1591,18,2025-06-30,7.2,8.1,5.7
1592,18,2025-07-01,9.2,10.0,0.0
1593,18,2025-07-02,10.5,8.3,0.0
1594,18,2025-07-03,19.6,9.7,0.0
1595,18,2025-07-04,10.7,7.7,0.0
1596,18,2025-07-05,18.2,9.8,1.8
1597,18,2025-07-06,13.9,8.9,0.1
1598,18,2025-07-07,7.0,10.0,0.0
1599,18,2025-07-08,6.9,7.4,0.0
1600,18,2025-07-09,11.1,9.2,0.0
1601,18,2025-07-10,20.2,9.0,0.0
1602,18,2025-07-11,15.2,10.0,0.0
1603,18,2025-07-12,12.9,7.8,0.0
1604,18,2025-07-13,13.1,8.7,0.0
1605,18,2025-07-14,11.7,9.2,0.0
1606,18,2025-07-15,3.2,9.0,0.0
1607,18,2025-07-16,3.9,8.5,1.6
1608,18,2025-07-17,18.2,9.3,0.0
1609,18,2025-07-18,14.6,9.4,0.0
1610,18,2025-07-19,7.7,9.6,0.0
1611,18,2025-07-20,2.0,10.0,0.0
1612,18,2025-07-21,4.8,9.9,4.2
1613,18,2025-07-22,7.5,7.4,0.0
1614,18,2025-07-23,5.6,9.9,4.3
1615,18,2025-07-24,36.6,9.1,0.0
1616,18,2025-07-25,33.9,6.8,1.0
1617,18,2025-07-26,8.0,9.1,0.1
1618,18,2025-07-27,14.5,8.3,4.3
1619,18,2025-07-28,12.5,8.9,0.0
1620,18,2025-07-29,22.2,9.5,0.0
1621,19,2025-05-01,48.9,8.5,3.1
1622,19,2025-05-02,21.2,10.0,0.4
1623,19,2025-05-03,0.5,9.8,0.0
1624,19,2025-05-04,8.1,7.1,0.0
1625,19,2025-05-05,22.4,7.9,0.6
1626,19,2025-05-06,1.8,9.0,0.0
1627,19,2025-05-07,24.7,7.1,0.0
1628,19,2025-05-08,17.8,5.9,0.0
1629,19,2025-05-09,25.9,9.3,0.0
1630,19,2025-05-10,3.3,9.9,0.0
1631,19,2025-05-11,6.3,7.4,0.0
1632,19,2025-05-12,6.2,9.7,0.0
1633,19,2025-05-13,4.2,5.5,0.0
1634,19,2025-05-14,6.5,10.0,0.0
1635,19,2025-05-15,22.8,7.9,0.0
1636,19,2025-05-16,6.0,7.8,0.0
1637,19,2025-05-17,5.5,7.8,0.0
1638,19,2025-05-18,11.7,10.0,0.1
1639,19,2025-05-19,4.2,7.6,0.0
1640,19,2025-05-20,12.7,9.8,2.6
1641,19,2025-05-21,2.4,10.0,0.0
1642,19,2025-05-22,7.5,6.7,2.1
1643,19,2025-05-23,2.2,6.4,1.9
1644,19,2025-05-24,20.9,8.9,0.0
1645,19,2025-05-25,21.1,8.6,0.0
1646,19,2025-05-26,20.7,8.5,0.0
1647,19,2025-05-27,14.5,8.7,1.8
1648,19,2025-05-28,8.3,7.5,0.2
1649,19,2025-05-29,,7.2,2.1
1650,19,2025-05-30,15.9,8.9,0.0
1651,19,2025-05-31,16.2,9.0,9.3
1652,19,2025-06-01,22.2,9.4,0.0
1653,19,2025-06-02,10.8,5.3,1.1
1654,19,2025-06-03,22.8,6.4,0.1
1655,19,2025-06-04,2.9,10.0,0.0
1656,19,2025-06-05,226.4941425645364,6.5,0.9
1657,19,2025-06-06,6.0,10.0,0.0
1658,19,2025-06-07,11.1,8.8,0.0
1659,19,2025-06-08,5.4,10.0,0.9
1660,19,2025-06-09,9.1,9.7,0.0
1661,19,2025-06-10,4.9,10.0,0.0
1662,19,2025-06-11,24.8,9.0,0.7
1663,19,2025-06-12,12.9,7.9,3.0
1664,19,2025-06-13,16.3,5.6,1.2
1665,19,2025-06-14,29.1,9.7,0.9
1666,19,2025-06-15,4.1,10.0,0.0
1667,19,2025-06-16,34.7,9.4,1.1
1668,19,2025-06-17,5.0,8.9,2.2
1669,19,2025-06-18,14.8,9.3,7.8
1670,19,2025-06-19,4.1,9.6,3.2
1671,19,2025-06-20,21.8,7.0,0.5
1672,19,2025-06-21,3.6,7.9,0.0
1673,19,2025-06-22,8.4,10.0,0.0
1674,19,2025-06-23,21.7,7.5,0.0
1675,19,2025-06-24,11.6,10.0,0.8
1676,19,2025-06-25,38.1,9.1,0.0
1677,19,2025-06-26,12.1,9.4,0.3
1678,19,2025-06-27,7.7,9.0,0.5
1679,19,2025-06-28,1.2,7.9,0.0
1680,19,2025-06-29,14.4,7.5,0.0
1681,19,2025-06-30,18.3,6.3,0.0
1682,19,2025-07-01,17.8,10.0,0.7
1683,19,2025-07-02,38.6,8.3,0.4
1684,19,2025-07-03,10.0,10.0,0.0
1685,19,2025-07-04,24.9,10.0,0.0
1686,19,2025-07-05,12.9,10.0,0.0
1687,19,2025-07-06,47.6,9.7,5.2
1688,19,2025-07-07,10.4,9.9,0.0
1689,19,2025-07-08,11.5,8.4,0.0
1690,19,2025-07-09,18.3,,2.8
1691,19,2025-07-10,15.2,6.5,0.8
1692,19,2025-07-11,29.9,7.6,0.0
1693,19,2025-07-12,2.8,10.0,0.0
1694,19,2025-07-13,27.4,9.3,2.2
1695,19,2025-07-14,9.3,8.3,0.0
1696,19,2025-07-15,12.2,8.7,3.8
1697,19,2025-07-16,8.8,7.5,0.1
1698,19,2025-07-17,3.5,8.9,1.8
1699,19,2025-07-18,,7.7,0.0
1700,19,2025-07-19,6.1,9.1,0.0
1701,19,2025-07-20,4.5,10.0,0.3
1702,19,2025-07-21,14.7,7.7,0.7
1703,19,2025-07-22,14.2,7.5,0.0
1704,19,2025-07-23,17.8,7.5,2.8
1705,19,2025-07-24,,9.0,0.0
1706,19,2025-07-25,27.2,7.6,0.5
1707,19,2025-07-26,4.9,6.6,1.0
1708,19,2025-07-27,32.6,8.9,0.0
1709,19,2025-07-28,21.0,7.9,0.0
1710,19,2025-07-29,6.7,8.7,0.0
1711,20,2025-05-01,9.9,10.0,3.7
1712,20,2025-05-02,10.5,8.7,0.0
1713,20,2025-05-03,33.0,7.9,0.0
1714,20,2025-05-04,5.1,7.9,0.0
1715,20,2025-05-05,16.7,9.9,0.0
1716,20,2025-05-06,8.8,7.9,0.0
1717,20,2025-05-07,11.2,10.0,0.0
1718,20,2025-05-08,27.9,8.3,2.4
1719,20,2025-05-09,8.8,9.9,0.0
1720,20,2025-05-10,7.3,7.3,2.7
1721,20,2025-05-11,8.8,7.4,0.9
1722,20,2025-05-12,19.5,8.8,0.0
1723,20,2025-05-13,9.5,8.1,0.4
1724,20,2025-05-14,9.8,10.0,0.0
1725,20,2025-05-15,21.0,7.6,0.0
1726,20,2025-05-16,0.3,9.0,0.0
1727,20,2025-05-17,7.9,8.7,0.0
1728,20,2025-05-18,6.3,7.6,0.0
1729,20,2025-05-19,40.3,10.0,0.0
1730,20,2025-05-20,,9.4,0.0
1731,20,2025-05-21,19.7,9.4,2.0
1732,20,2025-05-22,6.7,7.3,0.0
1733,20,2025-05-23,10.1,7.5,0.0
1734,20,2025-05-24,22.5,9.2,0.0
1735,20,2025-05-25,14.6,8.8,0.0
1736,20,2025-05-26,17.9,8.3,8.2
1737,20,2025-05-27,12.4,8.7,0.0
1738,20,2025-05-28,8.4,10.0,0.0
1739,20,2025-05-29,,9.8,0.0
1740,20,2025-05-30,24.3,10.0,0.0
1741,20,2025-05-31,6.0,10.0,1.4
1742,20,2025-06-01,1.8,10.0,0.0
1743,20,2025-06-02,,9.7,0.0
1744,20,2025-06-03,25.1,7.2,0.0
1745,20,2025-06-04,4.1,8.8,1.1
1746,20,2025-06-05,8.8,9.7,0.0
1747,20,2025-06-06,6.0,9.5,0.0
1748,20,2025-06-07,19.5,10.0,0.0
1749,20,2025-06-08,7.4,10.0,0.0
1750,20,2025-06-09,7.2,9.4,0.0
1751,20,2025-06-10,18.8,9.0,0.5
1752,20,2025-06-11,3.3,9.3,1.3
1753,20,2025-06-12,19.0,10.0,0.0
1754,20,2025-06-13,3.9,10.0,1.5
1755,20,2025-06-14,8.2,10.0,2.1
1756,20,2025-06-15,3.3,10.0,0.0
1757,20,2025-06-16,7.5,8.4,0.0
1758,20,2025-06-17,19.4,10.0,3.6
1759,20,2025-06-18,1.2,10.0,0.0
1760,20,2025-06-19,9.5,9.3,0.0
1761,20,2025-06-20,3.1,10.0,1.5
1762,20,2025-06-21,41.0,8.5,3.0
1763,20,2025-06-22,22.9,9.2,0.0
1764,20,2025-06-23,6.7,7.1,0.0
1765,20,2025-06-24,25.1,9.4,0.6
1766,20,2025-06-25,6.9,8.8,0.0
1767,20,2025-06-26,16.4,8.6,5.7
1768,20,2025-06-27,4.4,9.1,0.0
1769,20,2025-06-28,8.9,9.0,0.9
1770,20,2025-06-29,7.0,10.0,0.0
1771,20,2025-06-30,50.7,7.7,0.0
1772,20,2025-07-01,1.0,8.9,0.2
1773,20,2025-07-02,1.2,7.0,0.8
1774,20,2025-07-03,6.5,10.0,0.3
1775,20,2025-07-04,8.2,5.8,0.0
1776,20,2025-07-05,8.1,9.0,0.7
1777,20,2025-07-06,8.7,10.0,6.0
1778,20,2025-07-07,18.8,9.4,0.0
1779,20,2025-07-08,35.9,7.1,7.4
1780,20,2025-07-09,6.5,9.1,0.4
1781,20,2025-07-10,9.8,7.1,1.4
1782,20,2025-07-11,10.0,6.9,1.1
1783,20,2025-07-12,5.7,9.4,0.0
1784,20,2025-07-13,3.0,9.7,0.0
1785,20,2025-07-14,4.9,8.7,1.5
1786,20,2025-07-15,14.4,9.1,0.8
1787,20,2025-07-16,12.6,9.9,0.0
1788,20,2025-07-17,9.3,9.8,0.6
1789,20,2025-07-18,5.6,10.0,0.0
1790,20,2025-07-19,8.3,10.0,0.0
1791,20,2025-07-20,11.1,8.4,1.0
1792,20,2025-07-21,14.5,10.0,5.1
1793,20,2025-07-22,6.8,8.3,0.0
1794,20,2025-07-23,0.3,9.5,0.0
1795,20,2025-07-24,7.7,10.0,0.0
1796,20,2025-07-25,14.7,7.2,0.0
1797,20,2025-07-26,18.7,8.1,0.0
1798,20,2025-07-27,6.8,5.9,2.6
1799,20,2025-07-28,12.8,7.6,0.0
1800,20,2025-07-29,5.9,7.5,0.2
1463,17,2025-05-23,4.8,10.0,0.0
511,6,2025-06-30,2.3,10.0,0.4
613,7,2025-07-12,2.5,8.9,2.2
1323,15,2025-07-02,14.6,9.8,0.0
994,12,2025-05-04,20.8,9.1,1.3
191,3,2025-05-11,11.6,8.9,0.0
1717,20,2025-05-07,11.2,10.0,0.0
1049,12,2025-06-28,4.2,10.0,0.0
1408,16,2025-06-27,1.8,10.0,7.8
882,10,2025-07-11,1.6,8.8,0.9
901,11,2025-05-01,33.3,10.0,5.2
1428,16,2025-07-17,10.6,9.5,4.5
159,2,2025-07-08,14.7,10.0,0.0
1202,14,2025-06-01,11.2,9.0,0.0
680,8,2025-06-19,22.1,7.4,0.0
